-- phpMyAdmin SQL Dump
-- version 5.2.1
-- https://www.phpmyadmin.net/
--
-- Host: 127.0.0.1
-- Generation Time: Mar 17, 2024 at 03:58 AM
-- Server version: 10.4.32-MariaDB
-- PHP Version: 8.2.12

SET SQL_MODE = "NO_AUTO_VALUE_ON_ZERO";
START TRANSACTION;
SET time_zone = "+00:00";


/*!40101 SET @OLD_CHARACTER_SET_CLIENT=@@CHARACTER_SET_CLIENT */;
/*!40101 SET @OLD_CHARACTER_SET_RESULTS=@@CHARACTER_SET_RESULTS */;
/*!40101 SET @OLD_COLLATION_CONNECTION=@@COLLATION_CONNECTION */;
/*!40101 SET NAMES utf8mb4 */;

--
-- Database: `sigmaspellbee`
--

-- --------------------------------------------------------

--
-- Table structure for table `replay`
--

CREATE TABLE `replay` (
  `pid` varchar(15) NOT NULL,
  `replay` int(5) NOT NULL,
  `confby` varchar(15) NOT NULL,
  `date` timestamp NOT NULL DEFAULT current_timestamp()
) ENGINE=InnoDB DEFAULT CHARSET=utf8mb4 COLLATE=utf8mb4_general_ci;

-- --------------------------------------------------------

--
-- Table structure for table `responses`
--

CREATE TABLE `responses` (
  `sid` varchar(10) NOT NULL,
  `qid` int(11) NOT NULL,
  `answer` varchar(250) NOT NULL,
  `marks` int(11) NOT NULL DEFAULT 0,
  `timestamp` timestamp(6) NOT NULL DEFAULT current_timestamp(6)
) ENGINE=MyISAM DEFAULT CHARSET=latin1 COLLATE=latin1_swedish_ci;

--
-- Dumping data for table `responses`
--

INSERT INTO `responses` (`sid`, `qid`, `answer`, `marks`, `timestamp`) VALUES
('9052727402', 174, 'ALTARNATIVE', 0, '2024-02-23 07:17:30.908197'),
('9052727402', 173, 'SWEAT', 100, '2024-02-23 07:17:32.873076'),
('9052727402', 301, 'ILLUGION', 0, '2024-02-23 07:17:35.919879'),
('9052727402', 22, 'BUTTERFLIE', 0, '2024-02-23 07:17:37.234020'),
('9052727402', 235, 'WRAPE', 0, '2024-02-23 07:17:38.828423'),
('9052727402', 225, 'DOGMAA', 0, '2024-02-23 07:17:39.907880'),
('9052727402', 353, 'FRANCISE', 0, '2024-02-23 07:17:41.453142'),
('9052727402', 170, 'GRAMER', 0, '2024-02-23 07:17:42.517746'),
('9052727402', 366, 'VIGAROUES', 0, '2024-02-23 07:17:45.035905'),
('9052727402', 345, 'MOSTACHE', 0, '2024-02-23 07:17:47.105376'),
('9052727402', 326, 'VULNARABLE', 0, '2024-02-23 07:17:48.257616'),
('9052727402', 362, 'PSUDOPODIA', 0, '2024-02-23 07:17:49.432791'),
('9052727402', 64, 'ACQUAINTTANCE', 0, '2024-02-23 07:17:50.677939'),
('9052727402', 43, 'COARSE', 100, '2024-02-23 07:17:52.010896'),
('9052727402', 335, 'ACRYLIC', 100, '2024-02-23 07:17:53.240800'),
('9052727402', 6, 'PERNICIOUS', 200, '2024-02-23 07:18:34.712079'),
('9052727402', 34, 'DVGF', 0, '2024-02-23 07:22:34.517478'),
('9052727402', 53, 'FG', 0, '2024-02-23 07:22:36.756401'),
('9052727402', 39, 'FDGFH', 0, '2024-02-23 07:22:38.926326'),
('9052727402', 1, 'GFDG', 0, '2024-02-23 07:22:40.604746'),
('9052727402', 56, 'DFGFG', 0, '2024-02-23 07:22:42.212669'),
('9052727402', 11, 'GFFG', 0, '2024-02-23 07:22:44.696401'),
('9052727402', 51, 'GFDG', 0, '2024-02-23 07:22:47.008255'),
('9052727402', 9, 'FGDG', 0, '2024-02-23 07:22:49.086892'),
('9052727402', 46, 'GFD', 0, '2024-02-23 07:22:52.025134'),
('7337294815', 76, 'COLUMBUS', 100, '2024-02-24 05:44:25.033094'),
('7337294815', 29, 'SUNSHINE', 100, '2024-02-24 05:44:37.495826'),
('7337294815', 201, 'EXAMINATION', 100, '2024-02-24 05:44:47.574773'),
('7337294815', 219, 'PRACTICAL', 100, '2024-02-24 05:44:56.416348'),
('7337294815', 94, 'ATLANTIC', 100, '2024-02-24 05:45:03.406905'),
('7337294815', 311, 'COHERENCE', 100, '2024-02-24 05:45:11.583152'),
('7337294815', 143, 'CORPSES', 100, '2024-02-24 05:45:35.120050'),
('7337294815', 205, 'ANCIENT', 100, '2024-02-24 05:45:42.435600'),
('7337294815', 46, 'PERSPECTOR', 0, '2024-02-24 05:45:56.403796'),
('7337294815', 312, 'ETHNIC', 100, '2024-02-24 05:46:15.796444'),
('7337294815', 74, 'MISSISSIPPI', 100, '2024-02-24 05:46:37.916514'),
('7337294815', 377, 'INTRANSIGENCE', 100, '2024-02-24 05:47:08.695075'),
('7337294815', 364, 'SARCASM', 100, '2024-02-24 05:47:17.819150'),
('7337294815', 347, 'WITCH', 100, '2024-02-24 05:47:24.692509'),
('7337294815', 255, 'CHRYSANTHANUM', 0, '2024-02-24 05:47:51.739250'),
('7337294815', 11, 'SCICOSANT', 0, '2024-02-24 05:48:51.596447'),
('7337294815', 16, 'EUPHORMISM', 0, '2024-02-24 05:49:54.500875'),
('7337294815', 51, 'COPASITIC', 0, '2024-02-24 05:51:11.718918'),
('7337294815', 2, 'EUPHORIC', 200, '2024-02-24 05:51:27.858724'),
('7337294815', 12, 'VENESCEMILATY', 0, '2024-02-24 05:52:28.325166'),
('7337294815', 32, 'CLAILIS', 0, '2024-02-24 05:54:19.499794'),
('7337294815', 34, 'APPOCUSES', 0, '2024-02-24 05:54:56.749678'),
('7337294815', 33, 'AMENURATE', 0, '2024-02-24 05:55:43.799523'),
('7337294815', 22, 'PERSPICACIOUS', 200, '2024-02-24 05:56:39.776310'),
('7337294815', 15, 'GUBSTOPPOSITION', 0, '2024-02-24 05:58:43.584593'),
('6305605229', 343, 'RESEMBLE', 100, '2024-02-24 06:01:15.861446'),
('6305605229', 44, 'PASSAGE', 100, '2024-02-24 06:01:26.640796'),
('6305605229', 47, 'SUPPORT', 100, '2024-02-24 06:01:35.951822'),
('6305605229', 150, 'ANTISEPTIC', 100, '2024-02-24 06:01:46.330813'),
('6305605229', 274, 'CODING', 100, '2024-02-24 06:01:53.657716'),
('6305605229', 353, 'FRANCHISE', 100, '2024-02-24 06:02:07.961832'),
('6305605229', 144, 'ORCHESTRA', 100, '2024-02-24 06:02:18.548693'),
('6305605229', 6, 'MEDAL', 0, '2024-02-24 06:02:34.594633'),
('6305605229', 83, 'NYLE', 0, '2024-02-24 06:02:46.218309'),
('6305605229', 333, 'PRECOCIOUS', 100, '2024-02-24 06:02:57.372747'),
('6305605229', 359, 'NEOPHYTE', 100, '2024-02-24 06:03:05.573924'),
('6305605229', 315, 'FACILITATE', 100, '2024-02-24 06:03:15.466492'),
('6305605229', 316, 'HEREDITARY', 100, '2024-02-24 06:03:49.910817'),
('6305605229', 248, 'ENCHOATE', 0, '2024-02-24 06:04:22.218612'),
('6305605229', 314, 'PSYCHOLOGY', 100, '2024-02-24 06:04:32.627218'),
('6305605229', 16, 'EUPHORMASIN', 0, '2024-02-24 06:05:52.473239'),
('6305605229', 20, 'MAILSTROME', 0, '2024-02-24 06:06:54.815485'),
('6305605229', 8, 'SEVENDIPITY', 0, '2024-02-24 06:07:53.430556'),
('6305605229', 12, 'VENESIMILATY', 0, '2024-02-24 06:08:43.053596'),
('6305605229', 9, 'FESCISIOUS', 0, '2024-02-24 06:09:23.579425'),
('6305605229', 56, 'ELACHRITY', 0, '2024-02-24 06:09:57.311713'),
('6305605229', 31, 'PERCIPICASITY', 0, '2024-02-24 06:10:34.873451'),
('6305605229', 42, 'EUBIQUTISE', 0, '2024-02-24 06:11:00.336814'),
('6305605229', 4, 'NEBULIS', 0, '2024-02-24 06:11:27.585114'),
('6305605229', 58, 'PALADINE', 0, '2024-02-24 06:11:47.882959'),
('8106012864', 50, 'CANCEL', 100, '2024-02-24 06:14:37.934816'),
('8106012864', 123, 'TEACH', 100, '2024-02-24 06:14:49.505300'),
('8106012864', 283, 'AWARD', 100, '2024-02-24 06:14:57.999130'),
('8106012864', 185, 'INSTRUCTION', 100, '2024-02-24 06:15:08.918677'),
('8106012864', 216, 'INDUSTRY', 100, '2024-02-24 06:15:16.288019'),
('8106012864', 204, 'FOSSIL', 100, '2024-02-24 06:15:22.729494'),
('8106012864', 96, 'OBTUSE', 100, '2024-02-24 06:15:28.615074'),
('8106012864', 62, 'ABUNDANT', 100, '2024-02-24 06:15:36.705637'),
('8106012864', 295, 'FORMER', 100, '2024-02-24 06:15:43.240606'),
('8106012864', 297, 'WANDER', 100, '2024-02-24 06:16:07.050803'),
('8106012864', 367, 'KAJOULE', 0, '2024-02-24 06:16:20.190433'),
('8106012864', 359, 'NEOPHYTE', 100, '2024-02-24 06:16:29.197057'),
('8106012864', 248, 'INCHOATE', 100, '2024-02-24 06:16:35.810130'),
('8106012864', 351, 'EPITAPH', 100, '2024-02-24 06:16:46.826650'),
('8106012864', 377, 'INTRANSIGENCE', 100, '2024-02-24 06:17:04.200408'),
('8106012864', 47, 'RECALSITRANT', 0, '2024-02-24 06:17:57.504780'),
('8106012864', 49, 'SUPERFLOUSE', 0, '2024-02-24 06:18:40.461093'),
('8106012864', 21, 'MELIFLUOSE', 0, '2024-02-24 06:19:24.611127'),
('8106012864', 34, 'OPPOCUSIS', 0, '2024-02-24 06:19:58.499276'),
('8106012864', 25, 'CIRCUMLOCUTION', 200, '2024-02-24 06:20:35.567127'),
('8106012864', 24, 'MISSISITUDE', 0, '2024-02-24 06:21:11.301397'),
('8106012864', 27, 'UBIQUITY', 200, '2024-02-24 06:21:31.151887'),
('8106012864', 35, 'ANNYTIMY', 0, '2024-02-24 06:22:03.777385'),
('8106012864', 36, 'MOQURIL', 0, '2024-02-24 06:22:27.273951'),
('8106012864', 23, 'SESQUIPYDAIL', 0, '2024-02-24 06:23:11.183813'),
('9010240367', 60, 'CADET', 100, '2024-02-24 06:29:14.875160'),
('9010240367', 136, 'STATISTICS', 100, '2024-02-24 06:29:23.983281'),
('9010240367', 217, 'SERVER', 100, '2024-02-24 06:29:35.894646'),
('9010240367', 31, 'PICNIC', 100, '2024-02-24 06:29:48.661113'),
('9010240367', 300, 'MARVELOUS', 100, '2024-02-24 06:29:56.866839'),
('9010240367', 182, 'PROFESSOR', 100, '2024-02-24 06:30:08.306777'),
('9010240367', 295, 'FORMER', 100, '2024-02-24 06:30:20.463784'),
('9010240367', 6, 'MEDDLE', 100, '2024-02-24 06:30:30.657894'),
('9010240367', 211, 'CHEQUE', 100, '2024-02-24 06:30:46.351154'),
('9010240367', 329, 'WEIGH', 100, '2024-02-24 06:30:59.547266'),
('9010240367', 255, 'CHRYSANTHEMUM.', 100, '2024-02-24 06:31:35.816304'),
('9010240367', 365, 'UBIQUITOUS', 100, '2024-02-24 06:31:49.851739'),
('9010240367', 360, 'OMNISENT', 0, '2024-02-24 06:32:04.653147'),
('9010240367', 247, 'CONSENGUINEOUS', 0, '2024-02-24 06:32:34.740403'),
('9010240367', 374, 'ABNEGATION', 100, '2024-02-24 06:32:54.250618'),
('9010240367', 38, 'ESEMELIN', 0, '2024-02-24 06:33:30.331147'),
('9010240367', 34, 'APOTHEOSIS', 200, '2024-02-24 06:34:42.639949'),
('9010240367', 27, 'UBIQUITY', 200, '2024-02-24 06:36:12.828115'),
('9010240367', 36, 'MARQUIRY', 0, '2024-02-24 06:37:00.578439'),
('9010240367', 17, 'ABERRATION', 200, '2024-02-24 06:37:59.063296'),
('9010240367', 52, 'INEXORIBLE', 0, '2024-02-24 06:39:02.644396'),
('9010240367', 16, 'EUSOMISM', 0, '2024-02-24 06:39:55.581277'),
('9010240367', 7, 'DISEMINATE', 0, '2024-02-24 06:40:57.244216'),
('9010240367', 51, 'COPASSITECH', 0, '2024-02-24 06:42:53.644390'),
('9010240367', 40, 'PERSEVERENCE', 0, '2024-02-24 06:43:47.571596'),
('7386763677', 68, 'NEPTUNE', 100, '2024-02-24 06:49:00.118530'),
('7386763677', 127, 'FACT', 100, '2024-02-24 06:49:05.262332'),
('7386763677', 183, 'UNIVERSITY', 100, '2024-02-24 06:49:08.935637'),
('7386763677', 111, 'ENGINEERING', 100, '2024-02-24 06:49:12.501152'),
('7386763677', 141, 'DEPARTURE', 100, '2024-02-24 06:49:17.251939'),
('7386763677', 181, 'PROBABILITY', 100, '2024-02-24 06:49:22.229349'),
('7386763677', 18, 'EXISTENCE', 100, '2024-02-24 06:49:27.411391'),
('7386763677', 6, 'MEDDLE', 100, '2024-02-24 06:49:36.691208'),
('7386763677', 27, 'CALENDER', 0, '2024-02-24 06:49:41.946470'),
('7386763677', 345, 'MOUSTACHE', 100, '2024-02-24 06:49:49.694658'),
('7386763677', 70, 'TYRANNOSAURUS', 100, '2024-02-24 06:50:06.427963'),
('7386763677', 334, 'LEISON', 0, '2024-02-24 06:50:19.485585'),
('7386763677', 43, 'COARSE', 100, '2024-02-24 06:50:41.966978'),
('7386763677', 237, 'REIGN', 100, '2024-02-24 06:50:52.246424'),
('7386763677', 362, 'PSEUDOPODIA', 100, '2024-02-24 06:51:03.883614'),
('7386763677', 22, 'PESPECACIOUS', 0, '2024-02-24 06:51:30.933554'),
('7386763677', 5, 'GREGARIOUS', 200, '2024-02-24 06:51:50.536886'),
('7386763677', 36, 'MACURIE', 0, '2024-02-24 06:52:49.884536'),
('7386763677', 38, 'ASSEMILEN', 0, '2024-02-24 06:54:11.125065'),
('7386763677', 45, 'PANICURE', 0, '2024-02-24 06:54:45.036082'),
('7386763677', 32, 'QUILIOUS', 0, '2024-02-24 06:55:02.027576'),
('7386763677', 21, 'MELIFUSE', 0, '2024-02-24 06:55:28.928375'),
('7386763677', 4, 'NEVULOUS', 0, '2024-02-24 06:55:49.719275'),
('7386763677', 41, 'BAIKARIOUS', 0, '2024-02-24 06:56:10.079377'),
('7386763677', 47, 'RECASITRATE', 0, '2024-02-24 06:56:47.087897'),
('9398215325', 124, 'RIVER', 100, '2024-02-24 06:59:20.969523'),
('9398215325', 42, 'CHEESE', 100, '2024-02-24 06:59:39.872947'),
('9398215325', 160, 'CINEMA', 100, '2024-02-24 06:59:52.204102'),
('9398215325', 184, 'EDUCATION', 100, '2024-02-24 07:00:05.191704'),
('9398215325', 113, 'BOUGHT', 100, '2024-02-24 07:00:17.691733'),
('9398215325', 244, 'VINDICTIVE', 100, '2024-02-24 07:00:37.035261'),
('9398215325', 65, 'BELIEVE', 100, '2024-02-24 07:01:53.943349'),
('9398215325', 4, 'DESERT', 100, '2024-02-24 07:02:09.122087'),
('9398215325', 144, 'ORCHESTRA', 100, '2024-02-24 07:02:32.017476'),
('9398215325', 307, 'ABEDICATE', 0, '2024-02-24 07:03:06.696380'),
('9398215325', 362, 'PSEUDOPODIA', 100, '2024-02-24 07:03:37.754220'),
('9398215325', 327, 'QUAIL', 100, '2024-02-24 07:03:59.018424'),
('9398215325', 52, 'RYTHM', 0, '2024-02-24 07:04:19.168657'),
('9398215325', 372, 'CUISINE', 100, '2024-02-24 07:04:49.103130'),
('9398215325', 247, 'CONSENGUINEOUS', 0, '2024-02-24 07:06:02.548913'),
('9398215325', 34, 'APOQUSOUS', 0, '2024-02-24 07:07:22.702528'),
('9398215325', 24, 'VISSISITUNE', 0, '2024-02-24 07:08:32.467699'),
('9398215325', 16, 'UFORMISM', 0, '2024-02-24 07:09:55.810266'),
('9398215325', 25, 'CIRCUMMUCUTION', 0, '2024-02-24 07:11:17.408108'),
('9398215325', 21, 'MELOFLUOUS', 0, '2024-02-24 07:12:06.711178'),
('9398215325', 39, 'LETHARGIC', 200, '2024-02-24 07:12:33.256364'),
('9398215325', 19, 'AUSTENTICIOUS', 0, '2024-02-24 07:13:49.103186'),
('9398215325', 56, 'ELLACRITY', 0, '2024-02-24 07:14:11.367171'),
('9398215325', 40, 'PERSEVERANCE', 200, '2024-02-24 07:14:29.151750'),
('9398215325', 11, 'SCICOFFINT', 0, '2024-02-24 07:14:56.830506'),
('7671907172', 286, 'COLLEGE', 100, '2024-02-24 07:18:49.967582'),
('7671907172', 21, 'CHOCLATE', 0, '2024-02-24 07:19:02.480542'),
('7671907172', 124, 'REVER', 0, '2024-02-24 07:19:05.696887'),
('7671907172', 180, 'COMMUNICATION', 100, '2024-02-24 07:19:11.465401'),
('7671907172', 192, 'OFFIECE', 0, '2024-02-24 07:19:16.346673'),
('7671907172', 272, 'DIALONGE', 0, '2024-02-24 07:19:20.948411'),
('7671907172', 323, 'RECREMINATION', 0, '2024-02-24 07:19:42.548373'),
('7671907172', 169, 'DELHIVERY', 0, '2024-02-24 07:19:46.924398'),
('7671907172', 164, 'SUNIMA', 0, '2024-02-24 07:19:57.404227'),
('7671907172', 62, 'ABUNDENT', 0, '2024-02-24 07:20:09.930999'),
('7671907172', 316, 'HERIDITARY', 0, '2024-02-24 07:20:17.982207'),
('7671907172', 365, 'UBIQUITUS', 0, '2024-02-24 07:20:29.395314'),
('7671907172', 362, 'PSUDOPODIA', 0, '2024-02-24 07:20:39.384416'),
('7671907172', 43, 'COURS', 0, '2024-02-24 07:20:46.948161'),
('7671907172', 360, 'OMNISENT', 0, '2024-02-24 07:20:55.498843'),
('7671907172', 5, 'UTVEFGYD', 0, '2024-02-24 07:21:45.329607'),
('7671907172', 52, 'KHAGEVRFU8951-/841965484', 0, '2024-02-24 07:21:56.852424'),
('7671907172', 59, 'OBD9VB7U*74 8 89I9-OL', 0, '2024-02-24 07:22:11.158314'),
('7671907172', 55, 'UDHVBSUY7VB41697845 8 54', 0, '2024-02-24 07:22:18.411833'),
('7671907172', 26, 'GGIPYGI', 0, '2024-02-24 07:22:23.235633'),
('7671907172', 56, 'YUGYGIGI', 0, '2024-02-24 07:22:28.728632'),
('7671907172', 7, 'YGYIG', 0, '2024-02-24 07:22:33.247621'),
('7671907172', 53, 'GUIGYYUB', 0, '2024-02-24 07:22:39.916259'),
('7671907172', 2, 'UPHORIC', 0, '2024-02-24 07:23:39.251031'),
('7671907172', 57, 'OIUNH9[U', 0, '2024-02-24 07:23:47.230701'),
('6301233867', 36, 'SANDBOX', 100, '2024-02-24 07:26:59.949853'),
('6301233867', 285, 'WIFI', 100, '2024-02-24 07:27:23.835319'),
('6301233867', 45, 'COMPARTMENT', 100, '2024-02-24 07:27:35.648379'),
('6301233867', 215, 'LIBRARY', 100, '2024-02-24 07:27:45.435165'),
('6301233867', 67, 'ELEPHANT', 100, '2024-02-24 07:27:53.271684'),
('6301233867', 200, 'INVESTIGATION', 100, '2024-02-24 07:28:00.908915'),
('6301233867', 62, 'ABUNDANT', 100, '2024-02-24 07:28:11.380957'),
('6301233867', 129, 'SETHESCOPE', 0, '2024-02-24 07:28:26.295517'),
('6301233867', 344, 'COLLEAGUE', 100, '2024-02-24 07:28:41.415077'),
('6301233867', 244, 'VINDICTIVE', 100, '2024-02-24 07:29:12.456549'),
('6301233867', 377, 'INTRANSIGENCE', 100, '2024-02-24 07:29:31.681720'),
('6301233867', 379, 'WROUGHT', 100, '2024-02-24 07:29:45.081909'),
('6301233867', 12, 'ALTER', 0, '2024-02-24 07:29:55.532617'),
('6301233867', 19, 'PERCEIVE', 100, '2024-02-24 07:30:08.138023'),
('6301233867', 359, 'NEOPHYTE', 100, '2024-02-24 07:30:37.352242'),
('6301233867', 59, 'HARBINGER', 200, '2024-02-24 07:31:30.155130'),
('6301233867', 31, 'PERSPICACITY', 200, '2024-02-24 07:32:34.862294'),
('6301233867', 39, 'LETHARGIC', 200, '2024-02-24 07:33:13.751496'),
('6301233867', 20, 'MAILSTROM', 0, '2024-02-24 07:35:29.527950'),
('6301233867', 5, 'GREGARIOUS', 200, '2024-02-24 07:37:04.942553'),
('6301233867', 10, 'EXHAUSIBATE', 0, '2024-02-24 07:39:30.703653'),
('6301233867', 55, 'EXHAUSTIBATE', 0, '2024-02-24 07:42:05.106386'),
('6301233867', 60, 'METICULOUS', 200, '2024-02-24 07:42:49.993768'),
('6301233867', 13, 'PROGRASTINATE', 0, '2024-02-24 07:44:18.224838'),
('6301233867', 14, 'OBFUSSCATE', 0, '2024-02-24 07:49:02.405796'),
('7815948123', 198, 'INFORMATION', 100, '2024-02-24 07:51:52.288667'),
('7815948123', 193, 'COMMERCIAL', 100, '2024-02-24 07:52:09.672524'),
('7815948123', 127, 'FACT', 100, '2024-02-24 07:52:23.277935'),
('7815948123', 151, 'POSTER', 100, '2024-02-24 07:52:35.210265'),
('7815948123', 291, 'EXPERT', 100, '2024-02-24 07:52:44.578469'),
('7815948123', 16, 'SEPARATE', 100, '2024-02-24 07:53:05.309029'),
('7815948123', 204, 'FOSSIL', 100, '2024-02-24 07:53:12.909065'),
('7815948123', 171, 'MAGAZINE', 100, '2024-02-24 07:53:23.390847'),
('7815948123', 213, 'RHYME', 100, '2024-02-24 07:53:32.056922'),
('7815948123', 61, 'LUMINOUS', 100, '2024-02-24 07:53:44.460917'),
('7815948123', 337, 'MERRILY', 100, '2024-02-24 07:53:55.569215'),
('7815948123', 66, 'CAMOUFLAGE', 100, '2024-02-24 07:54:21.299527'),
('7815948123', 351, 'EPITAPH', 100, '2024-02-24 07:54:39.080606'),
('7815948123', 335, 'ACRYLIC', 100, '2024-02-24 07:54:49.339247'),
('7815948123', 322, 'PROMULGATE', 100, '2024-02-24 07:55:09.820829'),
('7815948123', 48, 'EQUINIMITY', 0, '2024-02-24 07:55:46.514404'),
('7815948123', 22, 'AUSPICACIOUS', 0, '2024-02-24 07:57:11.495863'),
('7815948123', 11, 'SYCOPHANT', 200, '2024-02-24 07:58:42.878190'),
('7815948123', 35, 'PENULTIMATE', 200, '2024-02-24 07:59:24.647024'),
('7815948123', 1, 'ENIMICAL', 0, '2024-02-24 07:59:57.168504'),
('7815948123', 31, 'OSPICACITY', 0, '2024-02-24 08:01:21.401232'),
('7815948123', 43, 'ASSEMRYLE', 0, '2024-02-24 08:02:38.022160'),
('7815948123', 38, 'EPHEMERAL', 200, '2024-02-24 08:03:35.859906'),
('7815948123', 32, 'QUAILESS', 0, '2024-02-24 08:05:42.326771'),
('7815948123', 50, 'INSCRUTIBLE', 0, '2024-02-24 08:06:06.496657'),
('9063442773', 215, 'LIBRARY', 100, '2024-02-24 08:08:48.769517'),
('9063442773', 60, 'CADET', 100, '2024-02-24 08:09:09.994750'),
('9063442773', 8, 'LIE', 100, '2024-02-24 08:09:23.883244'),
('9063442773', 140, 'PENGUEN', 0, '2024-02-24 08:09:46.048341'),
('9063442773', 118, 'SPELL BEE', 100, '2024-02-24 08:09:59.170966'),
('9063442773', 149, 'FOREIGN', 100, '2024-02-24 08:10:10.195934'),
('9063442773', 241, 'PETITION', 100, '2024-02-24 08:10:19.007681'),
('9063442773', 168, 'PSHYCOLOGY', 0, '2024-02-24 08:10:27.553582'),
('9063442773', 257, 'CAFETERIA', 100, '2024-02-24 08:10:52.448029'),
('9063442773', 231, 'DELIGHTFUL', 100, '2024-02-24 08:11:03.600217'),
('9063442773', 316, 'HERIDITARY', 0, '2024-02-24 08:11:21.253347'),
('9063442773', 314, 'PSYCHOLOGY', 100, '2024-02-24 08:11:39.761532'),
('9063442773', 325, 'STAGNANT', 100, '2024-02-24 08:11:59.994759'),
('9063442773', 289, 'ASPERITY', 100, '2024-02-24 08:12:23.526307'),
('9063442773', 64, 'ACQUAINTANCE', 100, '2024-02-24 08:13:12.990735'),
('9063442773', 33, 'AMELIORATE', 200, '2024-02-24 08:14:08.913437'),
('9063442773', 45, 'PANACEA', 200, '2024-02-24 08:15:37.511678'),
('9063442773', 13, 'PROGRASTINATE', 0, '2024-02-24 08:16:06.705622'),
('9063442773', 35, 'PENULTIMATE', 200, '2024-02-24 08:17:17.012958'),
('9063442773', 4, 'NEBULUS', 0, '2024-02-24 08:17:55.403464'),
('9063442773', 17, 'ABRATION', 0, '2024-02-24 08:19:01.462107'),
('9063442773', 57, 'DESPIRATE', 0, '2024-02-24 08:19:39.270897'),
('9063442773', 31, 'POSPICASITY', 0, '2024-02-24 08:21:36.129006'),
('9063442773', 44, 'EFFERVESCING', 0, '2024-02-24 08:24:08.790278'),
('9063442773', 28, 'CAPITULATION', 200, '2024-02-24 08:24:44.686651'),
('6281176849', 110, 'CRITICISE', 100, '2024-02-24 08:49:55.041180'),
('6281176849', 276, 'INTRODUCE', 100, '2024-02-24 08:50:07.690557'),
('6281176849', 49, 'BALANCE', 100, '2024-02-24 08:50:16.947579'),
('6281176849', 126, 'MAMMAL', 100, '2024-02-24 08:50:25.201988'),
('6281176849', 119, 'VEGETABLES', 100, '2024-02-24 08:50:35.007423'),
('6281176849', 371, 'ANASTHESIA', 0, '2024-02-24 08:50:53.578955'),
('6281176849', 318, 'NOTORIOUS', 100, '2024-02-24 08:51:13.176092'),
('6281176849', 17, 'OCCURED', 0, '2024-02-24 08:51:23.495230'),
('6281176849', 171, 'MAGAZINE', 100, '2024-02-24 08:51:37.629981'),
('6281176849', 331, 'PIECES', 100, '2024-02-24 08:51:48.022384'),
('6281176849', 357, 'MACROCOSOM', 0, '2024-02-24 08:52:02.672038'),
('6281176849', 70, 'TYRANNOSAURUS', 100, '2024-02-24 08:52:33.718433'),
('6281176849', 355, 'CALOPSIA', 0, '2024-02-24 08:52:49.138266'),
('6281176849', 358, 'MANIFESTATION', 100, '2024-02-24 08:52:58.959650'),
('6281176849', 75, 'PENICILLIN', 100, '2024-02-24 08:53:16.808131'),
('6281176849', 46, 'QUINTESSENTIAL', 200, '2024-02-24 08:53:56.119693'),
('6281176849', 38, 'EPHEMERANT', 0, '2024-02-24 08:54:33.995755'),
('6281176849', 26, 'LOCRISIOUS', 0, '2024-02-24 08:55:28.109674'),
('6281176849', 24, 'MISSISSITIVE', 0, '2024-02-24 08:56:32.402350'),
('6281176849', 44, 'EFFLUSCENT', 0, '2024-02-24 08:57:08.236870'),
('6281176849', 48, 'EQUANIMITY', 200, '2024-02-24 08:57:21.717583'),
('6281176849', 15, 'CZECHSTRAPOSITION', 0, '2024-02-24 08:58:26.338775'),
('6281176849', 37, 'SUPERCILIOUS', 200, '2024-02-24 08:58:49.622554'),
('6281176849', 23, 'SESQUAPEDALION', 0, '2024-02-24 09:00:05.828427'),
('6281176849', 11, 'SEKOPHINT', 0, '2024-02-24 09:00:56.519055'),
('9908975667', 111, 'ENGINEERING', 100, '2024-02-24 09:02:55.089374'),
('9908975667', 157, 'HINDU', 100, '2024-02-24 09:03:36.117698'),
('9908975667', 159, 'VIRUS', 100, '2024-02-24 09:03:47.520648'),
('9908975667', 28, 'TELEVISION', 100, '2024-02-24 09:04:14.497604'),
('9908975667', 304, 'LIE', 100, '2024-02-24 09:04:31.747536'),
('9908975667', 169, 'DELIVERY', 100, '2024-02-24 09:04:44.451963'),
('9908975667', 55, 'QUARELING', 0, '2024-02-24 09:05:16.147771'),
('9908975667', 24, 'DIANOSUR', 0, '2024-02-24 09:05:43.417132'),
('9908975667', 143, 'CORPSES', 100, '2024-02-24 09:06:02.736982'),
('9908975667', 232, 'AALURING', 0, '2024-02-24 09:06:32.498206'),
('9908975667', 367, 'CAJOULE', 0, '2024-02-24 09:07:55.060550'),
('9908975667', 334, 'LEISON', 0, '2024-02-24 09:08:12.628837'),
('9908975667', 314, 'PSYCHOLOGY', 100, '2024-02-24 09:08:50.011137'),
('9908975667', 319, 'PARADIGM', 100, '2024-02-24 09:09:51.835477'),
('9908975667', 248, 'ENCHOATE', 0, '2024-02-24 09:10:33.152560'),
('9908975667', 29, 'AMBIGUITY', 200, '2024-02-24 09:11:26.485480'),
('9908975667', 9, 'FACETIOUS', 200, '2024-02-24 09:12:36.859375'),
('9908975667', 30, 'PROPINQUITY', 200, '2024-02-24 09:14:16.099472'),
('9908975667', 41, 'VICARIOUS', 200, '2024-02-24 09:15:25.166831'),
('9908975667', 12, 'VERISIMILITUDE', 200, '2024-02-24 09:16:21.364277'),
('9908975667', 17, 'ABERRATION', 200, '2024-02-24 09:17:23.181587'),
('9908975667', 53, 'DESUGREE', 0, '2024-02-24 09:18:12.418167'),
('9908975667', 8, 'SEVENDIPITY', 0, '2024-02-24 09:19:14.192741'),
('9908975667', 49, 'SUPARFLIMS', 0, '2024-02-24 09:19:45.230120'),
('9908975667', 57, 'DESPREAT', 0, '2024-02-24 09:20:16.685704'),
('9398682476', 154, 'CAMPUS', 100, '2024-02-24 09:26:11.694993'),
('9398682476', 119, 'VEGETABLES', 100, '2024-02-24 09:26:24.805983'),
('9398682476', 199, 'OFFER', 100, '2024-02-24 09:26:33.309329'),
('9398682476', 38, 'STAYED', 100, '2024-02-24 09:26:45.604787'),
('9398682476', 142, 'ENCYCLOPEDIA', 100, '2024-02-24 09:26:55.663501'),
('9398682476', 24, 'DINOSAUR', 100, '2024-02-24 09:27:22.026968'),
('9398682476', 61, 'LUMINUOS', 0, '2024-02-24 09:27:37.628757'),
('9398682476', 244, 'VINDICTIVE', 100, '2024-02-24 09:27:52.748256'),
('9398682476', 249, 'OVERCAME', 100, '2024-02-24 09:28:04.090467'),
('9398682476', 194, 'PROFESSION', 100, '2024-02-24 09:28:19.063543'),
('9398682476', 346, 'REINDEER', 100, '2024-02-24 09:28:36.716094'),
('9398682476', 12, 'ALTAR', 100, '2024-02-24 09:28:52.777200'),
('9398682476', 91, 'MOZART', 100, '2024-02-24 09:29:14.508055'),
('9398682476', 379, 'WROUGHT', 100, '2024-02-24 09:29:25.363520'),
('9398682476', 326, 'VULNERABLE', 100, '2024-02-24 09:30:38.201327'),
('9398682476', 20, 'MAILSTORM', 0, '2024-02-24 09:31:46.231932'),
('9398682476', 29, 'AMBIGUITY', 200, '2024-02-24 09:32:08.173313'),
('9398682476', 33, 'AMMILIURATE', 0, '2024-02-24 09:34:22.938466'),
('9398682476', 1, 'ENIMICILE', 0, '2024-02-24 09:36:39.861050'),
('9398682476', 5, 'GRAGARIOUS', 0, '2024-02-24 09:37:09.135446'),
('9398682476', 13, 'PROCRASTINATE', 200, '2024-02-24 09:38:01.391486'),
('9398682476', 52, 'INEXORABLE', 200, '2024-02-24 09:39:33.768405'),
('9398682476', 44, 'EFFAVESAN', 0, '2024-02-24 09:42:13.616163'),
('9398682476', 2, 'EUPHORIA', 0, '2024-02-24 09:42:33.834837'),
('9398682476', 45, 'PANACEA', 200, '2024-02-24 09:44:12.022664'),
('9381758441', 76, 'COLUMBUS', 100, '2024-02-24 09:46:48.306929'),
('9381758441', 132, 'FEBRUARY', 100, '2024-02-24 09:47:00.814244'),
('9381758441', 240, 'SQUAD', 100, '2024-02-24 09:47:14.181925'),
('9381758441', 166, 'WRAP', 100, '2024-02-24 09:47:22.979244'),
('9381758441', 159, 'VIRUS', 100, '2024-02-24 09:47:32.846666'),
('9381758441', 27, 'CALENDER', 0, '2024-02-24 09:47:48.117102'),
('9381758441', 34, 'BALOON', 0, '2024-02-24 09:48:06.234859'),
('9381758441', 15, 'PERSISTANCE', 0, '2024-02-24 09:48:24.541936'),
('9381758441', 2, 'AFFECT', 0, '2024-02-24 09:48:39.944096'),
('9381758441', 328, 'QUIP', 100, '2024-02-24 09:48:52.854777'),
('9381758441', 358, 'MANIFESTATION', 100, '2024-02-24 09:49:07.453797'),
('9381758441', 316, 'HEREDITARY', 100, '2024-02-24 09:49:16.804897'),
('9381758441', 325, 'STAGNANT', 100, '2024-02-24 09:49:29.954536'),
('9381758441', 319, 'PARADIGM', 100, '2024-02-24 09:49:50.575280'),
('9381758441', 75, 'PENICILLIN', 100, '2024-02-24 09:50:06.005190'),
('9381758441', 21, 'MELICLIUS', 0, '2024-02-24 09:50:54.823583'),
('9381758441', 47, 'RECASITRANT', 0, '2024-02-24 09:51:41.267797'),
('9381758441', 51, 'COPACITATE', 0, '2024-02-24 09:52:10.391818'),
('9381758441', 53, 'DECILTREA', 0, '2024-02-24 09:52:32.729679'),
('9381758441', 59, 'HABEINGA', 0, '2024-02-24 09:53:15.941172'),
('9381758441', 29, 'AMBIGUITY', 200, '2024-02-24 09:53:40.334179'),
('9381758441', 40, 'PERSANTENCE', 0, '2024-02-24 09:54:03.084528'),
('9381758441', 6, 'PUNISHES', 0, '2024-02-24 09:54:23.043229'),
('9381758441', 3, 'INECIBLE', 0, '2024-02-24 09:54:38.320946'),
('9381758441', 52, 'INEXILARABLE', 0, '2024-02-24 09:55:00.358969'),
('7893736773', 214, 'ONLINE', 100, '2024-02-24 09:57:13.191848'),
('7893736773', 60, 'KADET', 0, '2024-02-24 09:57:43.638685'),
('7893736773', 37, 'PITCH', 100, '2024-02-24 09:57:52.470325'),
('7893736773', 254, 'YOLK', 100, '2024-02-24 09:58:15.042342'),
('7893736773', 167, 'WRONG', 100, '2024-02-24 09:58:26.687055'),
('7893736773', 204, 'FOSSIL', 100, '2024-02-24 09:58:49.675721'),
('7893736773', 320, 'PERCIEVE', 0, '2024-02-24 09:59:03.866129'),
('7893736773', 328, 'QUIP', 100, '2024-02-24 09:59:30.596886'),
('7893736773', 232, 'ALLURING', 100, '2024-02-24 09:59:50.310364'),
('7893736773', 54, 'CATEGORY', 100, '2024-02-24 09:59:58.724039'),
('7893736773', 237, 'REIGN', 100, '2024-02-24 10:00:25.219495'),
('7893736773', 3, 'COMPLEMENT', 0, '2024-02-24 10:00:35.998045'),
('7893736773', 287, 'ABROGATE', 100, '2024-02-24 10:00:48.113540'),
('7893736773', 346, 'REINDEER', 100, '2024-02-24 10:01:14.108102'),
('7893736773', 358, 'MANIFESTATION', 100, '2024-02-24 10:01:38.452805'),
('7893736773', 36, 'MACURING', 0, '2024-02-24 10:02:59.165133'),
('7893736773', 4, 'NEBUELES', 0, '2024-02-24 10:03:53.186840'),
('7893736773', 51, 'COPASSITATE', 0, '2024-02-24 10:04:55.346191'),
('7893736773', 34, 'APOTHEOSIS', 200, '2024-02-24 10:07:05.821917'),
('7893736773', 6, 'PUNISHES', 0, '2024-02-24 10:07:30.139085'),
('7893736773', 21, 'MELIFLUSE', 0, '2024-02-24 10:09:29.483811'),
('7893736773', 15, 'JUXTAPOSITION', 200, '2024-02-24 10:11:05.647640'),
('7893736773', 19, 'AUSTENTECIOUS', 0, '2024-02-24 10:12:26.134582'),
('7893736773', 50, 'INSCRUTABLE', 200, '2024-02-24 10:13:01.031494'),
('7893736773', 43, 'ESSEMAREL', 0, '2024-02-24 10:15:02.869775'),
('7337226699', 122, 'SAUCE', 100, '2024-02-24 10:19:29.446802'),
('7337226699', 37, 'PITCH', 100, '2024-02-24 10:19:38.204610'),
('7337226699', 177, 'SPELLING', 100, '2024-02-24 10:19:44.311119'),
('7337226699', 118, 'SPELL BEE', 100, '2024-02-24 10:19:51.082600'),
('7337226699', 298, 'CREATIVE', 100, '2024-02-24 10:19:56.764725'),
('7337226699', 263, 'PROHIBIT', 100, '2024-02-24 10:20:04.157497'),
('7337226699', 320, 'PERCIEVE', 0, '2024-02-24 10:20:10.589016'),
('7337226699', 83, 'NILE', 100, '2024-02-24 10:20:18.800711'),
('7337226699', 309, 'ANALOGUS', 0, '2024-02-24 10:20:29.491827'),
('7337226699', 81, 'ASTRONAUT', 100, '2024-02-24 10:20:38.746902'),
('7337226699', 75, 'PENICILIN', 0, '2024-02-24 10:20:53.698751'),
('7337226699', 355, 'CALOPSIA', 0, '2024-02-24 10:21:04.523680'),
('7337226699', 314, 'PSYCHOLOGY', 100, '2024-02-24 10:21:24.659401'),
('7337226699', 248, 'INCHOATE', 100, '2024-02-24 10:21:34.122927'),
('7337226699', 370, 'FORBEARANCE', 100, '2024-02-24 10:21:47.418496'),
('7337226699', 7, 'DISAMINATE', 0, '2024-02-24 10:22:14.816046'),
('7337226699', 31, 'PACIFICACITY', 0, '2024-02-24 10:23:12.455775'),
('7337226699', 41, 'VIKARIOUS', 0, '2024-02-24 10:24:00.029250'),
('7337226699', 28, 'CAPITALISATION', 0, '2024-02-24 10:24:19.047500'),
('7337226699', 9, 'FACISIOUS', 0, '2024-02-24 10:24:51.646936'),
('7337226699', 25, 'CIRCUMUSATION', 0, '2024-02-24 10:25:27.352813'),
('7337226699', 24, 'MERSITIVITY', 0, '2024-02-24 10:26:39.210950'),
('7337226699', 12, 'VENISIMULATIVE', 0, '2024-02-24 10:27:00.032146'),
('7337226699', 17, 'ABRATION', 0, '2024-02-24 10:27:22.224637'),
('7337226699', 18, 'PANICSISSON', 0, '2024-02-24 10:27:54.756266'),
('9398954816', 235, 'WRAP', 100, '2024-02-24 10:31:16.579629'),
('9398954816', 28, 'TELEVISION', 100, '2024-02-24 10:32:03.492047'),
('9398954816', 22, 'BUTTERFLY', 100, '2024-02-24 10:32:16.705081'),
('9398954816', 343, 'RESEMBLE', 100, '2024-02-24 10:32:22.317871'),
('9398954816', 119, 'VEGETABLES', 100, '2024-02-24 10:32:44.672910'),
('9398954816', 133, 'YATCH', 0, '2024-02-24 10:32:49.197239'),
('9398954816', 361, 'PINNACLE', 100, '2024-02-24 10:33:00.704535'),
('9398954816', 17, 'OCCURED', 0, '2024-02-24 10:33:10.333401'),
('9398954816', 224, 'PIXEL', 100, '2024-02-24 10:33:23.892256'),
('9398954816', 34, 'BALLOON', 100, '2024-02-24 10:33:27.776071'),
('9398954816', 377, 'INTRANSIGENCE', 100, '2024-02-24 10:33:54.989405'),
('9398954816', 372, 'CUISINE', 100, '2024-02-24 10:34:04.136126'),
('9398954816', 359, 'NEOPHYTE', 100, '2024-02-24 10:34:12.517424'),
('9398954816', 360, 'OMNISENT', 0, '2024-02-24 10:34:23.872803'),
('9398954816', 334, 'LEISON', 0, '2024-02-24 10:34:33.451210'),
('9398954816', 25, 'CIRCUMLIQUTION', 0, '2024-02-24 10:35:20.916261'),
('9398954816', 19, 'AUSTANTAIOUS', 0, '2024-02-24 10:35:44.547204'),
('9398954816', 14, 'OBFISCATE', 0, '2024-02-24 10:36:31.190429'),
('6302353008', 273, 'MAXIMUM', 100, '2024-02-24 10:39:25.474184'),
('6302353008', 41, 'OCEAN', 100, '2024-02-24 10:39:33.503932'),
('6302353008', 150, 'ANTISEPTIC', 100, '2024-02-24 10:39:40.878437'),
('6302353008', 118, 'SPELL BEE', 100, '2024-02-24 10:39:47.269628'),
('6302353008', 173, 'SWEET', 0, '2024-02-24 10:39:54.215442'),
('6302353008', 88, 'NEBULLA', 0, '2024-02-24 10:40:02.644255'),
('6302353008', 63, 'ACCOMMODATE', 100, '2024-02-24 10:40:15.390228'),
('6302353008', 303, 'FEWER', 100, '2024-02-24 10:40:25.247689'),
('6302353008', 56, 'ORCHESTRA', 100, '2024-02-24 10:40:32.074470'),
('6302353008', 331, 'PEICES', 0, '2024-02-24 10:40:46.053902'),
('6302353008', 248, 'INCHOATE', 100, '2024-02-24 10:41:00.990314'),
('6302353008', 349, 'LEFTUTENENT', 0, '2024-02-24 10:41:25.630985'),
('6302353008', 316, 'HERIDITARY', 0, '2024-02-24 10:41:35.075764'),
('6302353008', 378, 'MAYEHME', 0, '2024-02-24 10:41:54.143406'),
('6302353008', 327, 'QUIL', 0, '2024-02-24 10:42:03.664137'),
('6302353008', 42, 'UBIGUITIS', 0, '2024-02-24 10:42:31.153083'),
('6302353008', 33, 'AMELIORETE', 0, '2024-02-24 10:42:51.317112'),
('6302353008', 25, 'CIRCUMLUCUTION', 0, '2024-02-24 10:43:14.842356'),
('6302353008', 6, 'PUNISHES', 0, '2024-02-24 10:43:26.409115'),
('6302353008', 8, 'SEVENDIPITY', 0, '2024-02-24 10:43:46.036716'),
('6302353008', 45, 'PANICIUA', 0, '2024-02-24 10:44:17.457465'),
('6302353008', 38, 'ASSSEMILIN', 0, '2024-02-24 10:44:46.390865'),
('6302353008', 53, 'DESERGY', 0, '2024-02-24 10:45:09.947329'),
('6302353008', 21, 'MELICIOUS', 0, '2024-02-24 10:45:25.889175'),
('6302353008', 59, 'FJDGHKDN', 0, '2024-02-24 10:45:38.751762'),
('7989264982', 276, 'INTRODUCE', 100, '2024-02-24 10:47:38.262240'),
('7989264982', 35, 'TELESCOPE', 100, '2024-02-24 10:47:54.770510'),
('7989264982', 215, 'LIBRARY', 100, '2024-02-24 10:48:04.142012'),
('7989264982', 163, 'IMPLEMENT', 100, '2024-02-24 10:48:14.756399'),
('7989264982', 264, 'APPROVAL', 100, '2024-02-24 10:48:24.527420'),
('7989264982', 16, 'SEPARATE', 100, '2024-02-24 10:48:33.960201'),
('7989264982', 238, 'SEMESTER', 100, '2024-02-24 10:48:44.355013'),
('7989264982', 26, 'RESTAURANT', 100, '2024-02-24 10:49:00.065402'),
('7989264982', 1, 'PRINCIPLE', 100, '2024-02-24 10:49:12.505482'),
('7989264982', 24, 'DINOSAUR', 100, '2024-02-24 10:49:21.731981'),
('7989264982', 314, 'PSYCHOLOGY', 100, '2024-02-24 10:49:39.064665'),
('7989264982', 349, 'LEFTTENENT', 0, '2024-02-24 10:49:58.956000'),
('7989264982', 355, 'CALOPSIA', 0, '2024-02-24 10:50:27.398172'),
('7989264982', 351, 'EPITAPH', 100, '2024-02-24 10:50:46.700645'),
('7989264982', 3, 'COMPLIMENT', 100, '2024-02-24 10:50:57.611507'),
('7989264982', 59, 'HUBBINGUM', 0, '2024-02-24 10:51:52.402773'),
('7989264982', 55, 'EXAUCEBATE', 0, '2024-02-24 10:52:20.173398'),
('7989264982', 49, 'SUPERFLIMS', 0, '2024-02-24 10:52:51.260141'),
('7989264982', 14, 'OXECECATE', 0, '2024-02-24 10:53:06.734594'),
('7989264982', 34, 'OP', 0, '2024-02-24 10:53:22.196193'),
('7989264982', 21, 'MELUFLUSE', 0, '2024-02-24 10:53:42.986612'),
('7989264982', 11, 'GH', 0, '2024-02-24 10:56:28.654998'),
('7989264982', 18, 'HJ', 0, '2024-02-24 10:56:34.768224'),
('7989264982', 8, 'AB', 0, '2024-02-24 10:56:44.549248'),
('7989264982', 47, 'TY', 0, '2024-02-24 10:56:50.819342'),
('7207819274', 20, 'BICYCLE', 100, '2024-02-26 11:01:51.110886'),
('7207819274', 278, 'BAN', 100, '2024-02-26 11:02:07.138066'),
('7207819274', 77, 'AFRICA', 100, '2024-02-26 11:02:18.567220'),
('7207819274', 343, 'RESEMBLE', 100, '2024-02-26 11:02:31.282453'),
('7207819274', 201, 'EXAMINATION', 100, '2024-02-26 11:02:43.593058'),
('7207819274', 194, 'PROFESSION', 100, '2024-02-26 11:02:50.015309'),
('7207819274', 241, 'PETITION', 100, '2024-02-26 11:03:00.074559'),
('7207819274', 17, 'OCURRED', 0, '2024-02-26 11:03:13.465552'),
('7207819274', 61, 'LUMINOUS', 100, '2024-02-26 11:03:21.681717'),
('7207819274', 339, 'PEARL', 100, '2024-02-26 11:03:26.849351'),
('7207819274', 335, 'ACRYLIC', 100, '2024-02-26 11:03:35.002356'),
('7207819274', 12, 'ALTAR', 100, '2024-02-26 11:03:41.550125'),
('7207819274', 3, 'COMPLIMENT', 100, '2024-02-26 11:03:49.181255'),
('7207819274', 347, 'WITCH', 100, '2024-02-26 11:03:54.799194'),
('7207819274', 355, 'KALOPSIA', 100, '2024-02-26 11:04:17.080850'),
('7207819274', 1, 'ENEMICAL', 0, '2024-02-26 11:04:37.401088'),
('7207819274', 28, 'CAPITALATION', 0, '2024-02-26 11:05:02.534610'),
('7207819274', 16, 'EUPHAMISM', 0, '2024-02-26 11:05:15.945688'),
('7207819274', 46, 'QUINTESSION', 0, '2024-02-26 11:05:37.797708'),
('7207819274', 49, 'SUPERFLUOUS', 200, '2024-02-26 11:05:56.757689'),
('7207819274', 41, 'VYCAVEOUS', 0, '2024-02-26 11:06:28.893833'),
('7207819274', 6, 'PUNISHES', 0, '2024-02-26 11:06:47.185308'),
('7207819274', 21, 'MELAFLUOUS', 0, '2024-02-26 11:07:03.708247'),
('7207819274', 57, 'DISCRETE', 0, '2024-02-26 11:07:18.282410'),
('7207819274', 56, 'ALACRATIVE', 0, '2024-02-26 11:07:31.347802'),
('6303875899', 123, 'TEACH', 100, '2024-02-27 06:01:46.773843'),
('6303875899', 197, 'PASSENGER', 100, '2024-02-27 06:02:05.718189'),
('6303875899', 118, 'SPELL BEE', 100, '2024-02-27 06:02:10.896346'),
('6303875899', 250, 'FUEL', 100, '2024-02-27 06:02:16.675864'),
('6303875899', 278, 'BAN', 100, '2024-02-27 06:02:21.891374'),
('6303875899', 54, 'CATEGORY', 100, '2024-02-27 06:02:32.621014'),
('6303875899', 175, 'POSSIBILITY', 100, '2024-02-27 06:02:39.712047'),
('6303875899', 205, 'ANCIENT', 100, '2024-02-27 06:02:45.878335'),
('6303875899', 318, 'NOTORIOUS', 100, '2024-02-27 06:02:54.719671'),
('6303875899', 353, 'FRANCHISE', 100, '2024-02-27 06:03:11.514273'),
('6303875899', 75, 'PENECILLIN', 0, '2024-02-27 06:03:21.577403'),
('6303875899', 325, 'STAGNENT', 0, '2024-02-27 06:03:41.655261'),
('6303875899', 70, 'TYRANNOSOROUS', 0, '2024-02-27 06:04:02.954261'),
('6303875899', 319, 'PARADIGM', 100, '2024-02-27 06:04:15.141002'),
('6303875899', 372, 'CUISINE', 100, '2024-02-27 06:04:29.459764'),
('6303875899', 23, 'SESQUIPEDENIUM', 0, '2024-02-27 06:05:08.334071'),
('6303875899', 8, 'SERENDEPITY', 0, '2024-02-27 06:05:21.946978'),
('6303875899', 36, 'MOCTURAL', 0, '2024-02-27 06:06:02.728476');

-- --------------------------------------------------------

--
-- Table structure for table `users`
--

CREATE TABLE `users` (
  `pid` varchar(10) NOT NULL,
  `player_name` varchar(100) DEFAULT NULL,
  `status` int(1) NOT NULL DEFAULT 0,
  `points` int(5) DEFAULT NULL,
  `lastseen` timestamp NOT NULL DEFAULT current_timestamp() ON UPDATE current_timestamp(),
  `regno` varchar(15) NOT NULL,
  `department` varchar(10) NOT NULL,
  `place` int(11) NOT NULL,
  `start_time` time DEFAULT NULL,
  `end_time` time DEFAULT NULL
) ENGINE=InnoDB DEFAULT CHARSET=utf8 COLLATE=utf8_general_ci;

--
-- Dumping data for table `users`
--

INSERT INTO `users` (`pid`, `player_name`, `status`, `points`, `lastseen`, `regno`, `department`, `place`, `start_time`, `end_time`) VALUES
('6281176849', 'sai madhavi', 0, 1700, '2024-02-24 09:00:57', '22B91A0545', 'CSE', 2026, '14:19:38', '14:30:57'),
('6301233867', 'G sravani', 0, 2300, '2024-02-24 07:50:02', '229P1A0549', 'CSE', 2026, '12:56:45', '13:19:04'),
('6302353008', 'kowsik', 0, 800, '2024-02-24 10:42:03', '23B95A6102', 'AIML', 2026, '16:09:07', NULL),
('6303875899', 'Abhi Ram', 1, 1200, '2024-02-27 06:04:29', '22B91A6208', 'CSD', 2026, '11:31:39', NULL),
('6305605229', 'vasihnavi s', 0, 1200, '2024-02-24 06:11:49', '23B91A61H5', 'AIML', 2027, '11:31:01', '11:41:49'),
('7207819274', 'charan', 1, 1600, '2024-02-26 11:07:32', '21B91A05N3', 'CSE', 2025, '16:31:41', '16:37:32'),
('7337226699', 'baladithya', 0, 1100, '2024-02-24 10:27:56', '21093-cm-060', 'CSE', 2026, '15:49:17', '15:57:56'),
('7337294815', 'Bhanu Teja', 0, 1700, '2024-02-24 06:00:09', '21B91A12C1', 'IT', 2025, '11:14:01', '11:28:45'),
('7386763677', 'Rishitha', 0, 1500, '2024-02-24 06:57:25', '22B91A6219', 'CSD', 2026, '12:18:52', '12:26:52'),
('7671907172', 'T pavan varma ', 0, 200, '2024-02-24 07:23:48', '23B91A6262', 'CSD', 2027, '12:48:34', '12:53:48'),
('7815948123', 'ch aishwarya', 0, 2100, '2024-02-24 08:06:07', '22B91A5711', 'CSBS', 2026, '13:21:38', '13:36:07'),
('7893736773', 'G.PRANEETHA JOYCE', 0, 1800, '2024-02-24 10:15:14', '22B91A0230', 'EEE', 2026, '15:26:59', '15:45:14'),
('7989264982', 'Komali Lakshmi Purna Sri', 0, 1300, '2024-02-24 10:56:52', '21B91A6222', 'CSD', 2025, '16:17:26', '16:26:52'),
('8106012864', 'ch lakshmi neeraj', 0, 1800, '2024-02-24 06:23:12', '23B91A0552', 'CSE', 2027, '11:44:29', '11:53:12'),
('9010240367', 'G hima bindu', 0, 1900, '2024-02-24 06:44:46', '22093-cm-044', 'CSE', 2026, '11:58:31', '12:13:51'),
('9052727402', 'Shiva Bhavani', 0, 500, '2024-02-24 10:46:03', '21B91A6206', 'CSD', 2025, '11:13:50', '16:16:03'),
('9063442773', 'ahmed', 0, 2000, '2024-02-24 08:24:55', '22B91A6250', 'CSD', 2026, '13:38:36', '13:54:55'),
('9381758441', 'CH SHANMUKH', 0, 1300, '2024-02-24 09:55:02', '23B91A6214', 'CSD', 2027, '15:16:39', '15:25:02'),
('9398215325', 'md umar farooq', 0, 1600, '2024-02-24 07:14:59', '21093-cm-113', 'CSE', 2025, '12:29:04', '12:44:59'),
('9398682476', 'I.THOSHANI', 0, 2200, '2024-02-24 09:44:42', '229P1A0554', 'CSE', 2026, '14:55:57', '15:14:16'),
('9398954816', 'Karthik Chitturi', 0, 1100, '2024-02-24 10:36:43', '21B91A6208', 'CSD', 2025, '16:01:06', NULL),
('9908975667', 'ARAVIND', 0, 2100, '2024-02-24 09:20:34', '21093ee164', 'EEE', 2025, '14:32:33', '14:50:30');

-- --------------------------------------------------------

--
-- Table structure for table `words`
--

CREATE TABLE `words` (
  `qid` int(11) NOT NULL,
  `word` varchar(1000) NOT NULL,
  `meaning` text DEFAULT NULL,
  `level` int(11) NOT NULL,
  `option1` varchar(100) DEFAULT NULL,
  `option2` varchar(100) DEFAULT NULL,
  `option3` varchar(100) DEFAULT NULL
) ENGINE=MyISAM DEFAULT CHARSET=latin1 COLLATE=latin1_swedish_ci;

--
-- Dumping data for table `words`
--

INSERT INTO `words` (`qid`, `word`, `meaning`, `level`, `option1`, `option2`, `option3`) VALUES
(1, 'Principle', 'rule', 6, 'principal', 'prinecipal', 'princeple'),
(2, 'effect', 'a result or outcome', 6, 'affect', 'effact', 'affact'),
(3, 'compliment', 'a polite expression of praise', 7, 'complement', 'complliment', 'complimant'),
(4, 'desert', 'a dry or sandy area', 4, 'dessert', 'dessart', 'desart'),
(5, 'discreet', 'showing good judgement and careful consideration', 6, 'discrete', 'discreett', 'descreet'),
(6, 'meddle', 'interfere officiously and unwantedly', 5, 'metal', 'mettle', 'medal'),
(7, 'stationery', 'writing materials', 6, 'stationary', 'stationory', 'statioenery'),
(8, 'lie', 'be kept in a specified state', 2, 'lay', 'lye', 'lei'),
(9, 'capital', 'a city that serves as the seat of government', 2, 'capitol', 'capetal', 'capitel'),
(10, 'peace', 'a state of quiet', 3, 'piace', 'piece', 'peice'),
(11, 'cereal', 'breakfast made from grains', 4, 'serials', 'cerreal', 'cireal'),
(12, 'altar', 'a raised platform used for religious ceremonies', 8, 'alter', 'altre', 'alltar'),
(13, 'canvas', 'a heavy,woven fabric used for painting', 2, 'cannvas', 'canvass', 'caanvas'),
(14, 'conscience', 'a persons moral sense of right and wrong', 8, 'conscense', 'conscious', 'consciance'),
(15, 'persistence', 'the act of continuing firmly despite opposition', 6, 'persistance', 'persisstence', 'persestence'),
(16, 'separate', 'to set apart', 6, 'seperate', 'seperete', 'saperate'),
(17, 'occurred', 'happened', 5, 'occured', 'ocurred', 'ocured'),
(18, 'existence', 'the state of being', 4, 'existance', 'exsistence', 'exsistance'),
(19, 'perceive', 'to become aware of through the senses', 7, 'percieve', 'parceive', 'perceve'),
(20, 'bicycle', 'a human powered vehicle with two wheels and pedals', 3, 'bycycle', 'bicicle', 'bicykle'),
(21, 'chocolate', 'a sweet brown treat made from cacao beans', 2, 'choclate', 'chocolat', 'chokolate'),
(22, 'butterfly', 'an insect with colourful wings that undergoes metamorphosis', 1, 'butterflie', 'buterfly', 'buttarfly'),
(23, 'library', 'a place where books and other materials are stored for reading and borrowing', 3, 'librarie', 'librery', 'librare'),
(24, 'dinosaur', 'a prehistoric reptile', 5, 'dinasor', 'dinosor', 'dianosur'),
(25, 'telephone', 'a device used to communicate', 2, 'telefone', 'telephne', 'teliphone'),
(26, 'restaurant', 'a place where meals are prepared and served to customers', 6, 'restaurent', 'restarent', 'restarant'),
(27, 'calendar', 'a chart or system used to organise days,weeks,months', 5, 'calander', 'calender', 'calandar'),
(28, 'television', 'an electronic device that displays moving images and sounds', 2, 'televison', 'telivision', 'telivison'),
(29, 'sunshine', 'the light and heat that comes from the sun', 1, 'sunshyne', 'sunsine', 'sonshine'),
(30, 'rainbow', 'a colorful arc in the sky that appears after the rain', 1, 'renbow', 'rienbow', 'rainbou'),
(31, 'picnic', 'a meal eaten outdoors,often in a park or countryside', 2, 'picknick', 'picnick', 'picknic'),
(32, 'adventure', 'an exciting and often risky experience', 2, 'adventur', 'aventure', 'advanture'),
(33, 'birthday', 'the day on which a person was born,celebrated annually', 1, 'borthday', 'birtday', 'berthday'),
(34, 'Balloon', 'a flexible bag fillled with gas', 4, 'baloon', 'ballun', 'baloon'),
(35, 'telescope', 'an optical instrument used to view distant objects', 2, 'telescop', 'teleskope', 'teliscope'),
(36, 'sandbox', 'a container filled with sand for children to playin', 1, 'sandboks', 'sanndbox', 'sendbox'),
(37, 'pitch', 'the level or tune of sound', 1, 'patch', 'pittch', 'pitchh'),
(38, 'stayed', 'to have been somewhere for a short time', 1, 'stayeed', 'steyed', 'stayid'),
(39, 'doctor', 'a person that treats sick people', 1, 'docter', 'dokter', 'doctar'),
(40, 'gloves', 'handcovers to protect hands', 2, 'glovas', 'glavas', 'glowes'),
(41, 'ocean', 'a large area of water covering earth', 1, 'ocaen', 'occean', 'osean'),
(42, 'cheese', 'a food made from milk curd', 1, 'chesse', 'chease', 'chesee'),
(43, 'coarse', 'having a harsh or rough quality', 7, 'course', 'coaurse', 'cours'),
(44, 'passage', 'a alley or pathway', 2, 'passege', 'pessage', 'pasage'),
(45, 'compartment', 'a section of something large', 2, 'comparment', 'compertment', 'comppartment'),
(46, 'prospector', 'a person who searches for valuable substances such as gold or oil', 5, 'propector', 'perspector', 'prespector'),
(47, 'support', 'to give comfort', 1, 'saport', 'suport', 'sepport'),
(48, 'advance', 'to move forward in a purposeful way', 1, 'edvance', 'advace', 'andvance'),
(49, 'balance', 'an even distribution of weight', 1, 'balence', 'belence', 'baleance'),
(50, 'cancel', 'for a planned event to not take place', 1, 'cancal', 'cencal', 'cancell'),
(51, 'whether', 'showing a choice between alternatives', 4, 'weather', 'whetter', 'whether'),
(52, 'rhythm', 'a strong regular and repeated movement', 7, 'rythm', 'rhytm', 'rithm'),
(53, 'possibilty', 'a chance that something may or maynot happen', 3, 'posibility', 'possibiliity', 'possibiliti'),
(54, 'category', 'a group of people or things that are similar in someway', 4, 'catigory', 'cateegory', 'cattegory'),
(55, 'QUARRELLING', 'arguing angrily', 6, 'querrelling', 'querreling', 'quareling'),
(56, 'orchestra', 'a group of musicians who play many instruments together', 5, 'archestra', 'orchastra', 'orrchastra'),
(57, 'recruit', 'to find people to take part in an event or team', 3, 'reccruit', 'recriut', 'reecruit'),
(58, 'persuade', 'to cause someone to do something or believing something', 5, 'persuate', 'parsuade', 'peruade'),
(59, 'perimeter', 'the outside edge of an area', 1, 'perimetre', 'permeter', 'permetre'),
(60, 'cadet', 'a person training in the armed forces or police', 3, 'cadett', 'cedet', 'kadet'),
(61, 'luminous', 'bright or shining', 4, 'luminuos', 'luminos', 'lumenous'),
(62, 'ABUNDANT', 'HAVING PLENTY OF', 5, 'ABUNDENT', 'ABUNDUNT', 'ABUNNDANT'),
(63, 'ACCOMMODATE', 'FIT IN WITH THE WISHES OR NEEDS OF', 6, 'ACOMMMODATE', 'ACCOMADATE', 'ACCOMMODATTE'),
(64, 'ACQUAINTANCE', 'KNOWLEDGE OR EXPERIENCE OF SOMETHING', 8, 'ACQUAINTTANCE', 'ACQUAINTANCEE', 'ACQUAINTENCE'),
(65, 'BELIEVE', 'HOLD AS AN OPTION', 6, 'BELIVE', 'BELIEVE', 'BELIEVEE'),
(66, 'CAMOUFLAGE', 'THE DISGUISING OF MILITARY PERSONNEL', 7, 'CAMMOUFLAGE', 'CAMOFLAUGE', 'CAMOFLAGE'),
(67, 'ELEPHANT', 'LARGEST LIVING LAND ANIMAL', 1, 'ELEPANT', 'ELEFANT', 'ELEPHANTH'),
(68, 'NEPTUNE', 'PLANENT IN A SOLAR SYSTEM', 2, 'NEPTOON', 'NEPTUN', 'NUPTENE'),
(69, 'TURQUOISE', 'A GREENISH-BLUE COLOUR STONE', 10, 'TUTQUIOSE', 'TUREQUOISE', 'TURQUISE'),
(70, 'TYRANNOSAURUS', 'BIPEDAL CARNIVOROUS DINOSAUR', 10, 'TYRANOSARURUS', 'TYRRANOSARURAS', 'TYRANNOSOROUS'),
(71, 'ASTRONOMER', 'AN EXPERT IN OR STUDENT OF ASTRONOMY', 5, 'ASTRONOMAR', 'ASTRANOMER', 'ASTRONAMER'),
(72, 'SHAKESPEARE', 'A WRITER OF POEMS', 11, 'SHAKESPEAR', 'SHAKESPERE', 'SAKESPEARE'),
(73, 'CENTAUR', 'A CREATURE IN GREEK MYTHOLOGY', 11, 'SENTAUR', 'SENTUAR', 'CENTUAR'),
(74, 'MISSISSIPPI', 'STATE OF SOUTH-EASTERN UNITED-STATE', 9, 'MISISIPPI', 'MISSISIPI', 'MISSISSIIPPI'),
(75, 'PENICILLIN', 'A MEDICATION USED TO MANAGE AND TREAT A WIDE RANGE OF INFECTIONS', 8, 'PENICILIN', 'PENECILLIN', 'PENYCILLIN'),
(76, 'COLUMBUS', 'A NAVIGATOR WHO EXPLORED THE AMERICA', 3, 'COLOMUS', 'COLIMBUS', 'COLUMBUSS'),
(77, 'AFRICA', 'SECOND LARGEST CONTINENT IN WORLD', 1, 'AFREECA', 'AFFRICA', 'AFRIICA'),
(78, 'MAYA', 'ONE OF THE ANCIENT CIVILIZATION IN THE WORLD', 11, 'MAIA', 'MYA', 'MAYYA'),
(79, 'SHAKESPEAREAN', 'RELATING TO OR CHARACTERISTIC OF WILLIAM SHAKESPEARE', 11, 'SHAKESPEREAN', 'SHAKESPEARIAN', 'SHAKEESPEARAN'),
(80, 'KILIMANJARO', 'AFRICA\'S TALLEST MOUNTAIN', 11, 'KILIMANJAROO', 'KILIMUNJARO', 'KILIMANJERO'),
(81, 'ASTRONAUT', 'PERSON WHO TRAINED TO TRAVEL IN A SPACECRAFT', 6, 'ASTRONOUT', 'ASTRONAUGHT', 'ASTROONAUT'),
(82, 'MINOTAUR', 'A CREATURE WITH HALF MAN AND HALF BULL', 11, 'MINOOTAUR', 'MINOTAAR', 'MYNOTAUR'),
(83, 'NILE', 'WORLD\'S LONGEST RIVER', 4, 'NYLE', 'NIEL', 'NYEL'),
(84, 'CHROMIUM', 'THE CHEMICAL ELEMENT OF ATOMIC NO:24', 3, 'CHROMIM', 'CHRROMIUM', 'CRHROMIUM'),
(85, 'VAN GOGH', 'ONE OF THE MOST POPULAR OF THE POST IMPRESSIONIST PAINTER', 11, 'VANN GOGH', 'VANN GOFF', 'VAN GOH'),
(86, 'WASHINGTON', 'CAPTIAL CITY OF UNITED STATES', 3, 'WASHINGTOON', 'WASHINGNTAN', 'WASHINTON'),
(87, 'SPANISH', 'SECOND MOST WIDELY SPOKEN FIRST LANGUAGE IN WORLD', 2, 'SPPANISH', 'SPANNISH', 'SPENNISH'),
(88, 'NEBULA', 'IT IS AN GAINT CLOUD OF DUST AND GASNIN SPACE', 4, 'NEEBULA', 'NEBULLA', 'NUBULA'),
(89, 'COLOSSEUM', 'IT IS AN ELLIPTICAL AMPHITHEATRE IN THE CENTRE OF THE CITY ROME', 11, 'COLLOSEUM', 'COLOSEEUM', 'COLOSIUM'),
(90, 'SAHARA', 'A VERY LARGE DESERT IN NORTH AFRICA', 1, 'SAHARA', 'SAHRA', 'SAHARRA'),
(91, 'MOZART', 'ONE OF THE MOST INFLUENTIAL POPULAR AND PROLIFIC COMPOSERS OF THE CLASSICAL PERIOD', 8, 'MOZZART', 'MOZAART', 'MOZARD'),
(92, 'BELL', 'DEVICE THAT MAKES A RINING SOUND WHEN STRUCK', 1, 'BELIVE', 'BBELL', 'BELB'),
(93, 'ATHENA', 'IT IS THE GREEK GODDNESS OF WISDOM', 11, 'ATENA', 'ATHINA', 'ATHENNA'),
(94, 'ATLANTIC', 'THE SECOND LARGEST OCEAN IN THE WORLD', 3, 'ATLENTIC', 'ATLANTIK', 'ATLANTYC'),
(95, 'PARIS', 'THE CAPITAL AND LARGEST CITY OF FRANCE', 1, 'PARESS', 'PARYS', 'PARISS'),
(96, 'OBTUSE', 'GREATER THAN 90 DEGREE', 6, 'OBTUSEE', 'OBTUISE', 'OBHTUSE'),
(97, 'AXES', 'THE PLURAL FORM OF AXIS', 2, 'AXIS', 'AXISS', 'AXESS'),
(98, 'GRID', 'A NETWORK OF LINES THAT CROSS EACH OTHER TO FORM A SERIES OF SQUARES', 1, 'GRIDH', 'RID', 'RIDH'),
(99, 'ESTIMATE', 'AN APPROXIMATE CALCULATION', 3, 'ESTIMETE', 'ESTIMITE', 'ASTIMATE'),
(100, 'INTERSECTION', 'A POINT WHERE TWO LINES OR STREET CROSS', 2, 'INTERSECTIONN', 'INTERSECITION', 'INTERSECTIION'),
(101, 'HYPOCHONDRIA', 'ABNORMAL CHRONIC ANXIETY ABOUT ONE\'S HEALTH', 11, 'HPYOCOHNDRIA', 'HIGHPOCHONDRIA', 'HIPOCHONDRIA'),
(102, 'ASTROLOGER', 'TELL OTHERS ABOUT THEIR CHARACTER OR TO PERDICT THEIR FUTURE', 2, 'ASTRALOGER', 'ASTROOLOGAR', 'ASTROLAGER'),
(103, 'MISFORTUNE', 'BAD LUCK', 2, 'MISFOURTUNE', 'MISSORTUNE', 'MISSFORTUNEE'),
(104, 'AUTHENTIC', 'OF UNDISPUTED ORIGIN AND NOT A COPY', 3, 'AUTUNHENTIC', 'AUTENTIC', 'AUTHEENTIC'),
(105, 'CHARACTERISTIC', 'TYPICAL OF PARTICULAR PERSON,PLACE,OR THING', 4, 'CHARTERISTIC', 'CHARTERISTIC', 'CHARATERISTIC'),
(106, 'CRUCIAL', 'DECISIVE OR CRITICAL,ESPECIALLY IN THE SUCCESS OR FAILURE OF SOMENTING', 3, 'CRUSIAL', 'CRUCIAL', 'CRUCIEL'),
(107, 'MISCHIEVOUS', 'NOTORIOUS', 6, 'MISCHIEVIOUS', 'MISCHIEVOUS', 'MISCHIEVUES'),
(108, 'LEISURE', 'FREE TIME', 5, 'LESIRE', 'LEESURE', 'LEISIRE'),
(109, 'APPRECIATE', 'RECOGNIZE THE FULL WORTH OF', 4, 'APPERICITE', 'APPERECIATE', 'APPERCIATE'),
(110, 'CRITICISE', 'TO JUDGE(SOMETHING) WITH DISAPPROVAL', 3, 'CRTICISE', 'CRITISISE', 'CRITISIZE'),
(111, 'Engineering', 'The application of science to practical uses such as design of structures and machines', 1, 'engeneering', 'enjineering', 'enginering'),
(112, 'Afraid', 'scared', 1, 'afrayed', 'afreid', 'affraid'),
(113, 'Bought', 'obtain in exchange of payment', 1, 'boght', 'bougt', 'boughht'),
(114, 'PERSONAL', 'belonging to person rather anyone else', 2, 'personel', 'parsonal', 'persanal'),
(115, 'Department', 'a specialised division of a large concern,such as business university', 3, 'departement', 'departmant', 'dipartment'),
(116, 'Reciprocal', 'felt equally both sides', 4, 'receprocal', 'recieprocal', 'reciprocel'),
(117, 'dictionary', 'reference book', 4, 'dictionery', 'dectionary', 'dictonary'),
(118, 'spell bee', 'a competition in which people try to spell words', 1, 'spell bea', 'speel bee', 'spell bie'),
(119, 'vegetables', 'a part of plant used as food', 2, 'vegitables', 'vagetables', 'vegetebles'),
(120, 'fiction', 'imaginary', 1, 'ficton', 'phiction', 'fection'),
(121, 'bakery', 'selling baked goods', 1, 'backery', 'bakary', 'bekary'),
(122, 'sauce', 'relish for food', 2, 'souce', 'sause', 'souse'),
(123, 'teach', 'to cause to acquire knowledge or skill', 1, 'teech', 'tiech', 'taech'),
(124, 'river', 'natural flowing water course', 1, 'rever', 'rivar', 'revar'),
(125, 'story', 'narrative', 1, 'storie', 'stary', 'store'),
(126, 'mammal', 'an animal feeds her young from her own body', 1, 'mamal', 'mammel', 'mamel'),
(127, 'fact', 'truth', 1, 'fat', 'factt', 'faact'),
(128, 'guard', 'watch over inorder to protect', 1, 'gard', 'gord', 'guaard'),
(129, 'stethoscope', 'a piece of equipment that a doctor uses', 4, 'setescope', 'sethescope', 'stethscope'),
(130, 'sustain', 'to keep somebody/something alive or healthy', 2, 'sustane', 'sustaine', 'sustayne'),
(131, 'center', 'the middle point or part of something', 1, 'centre', 'senter', 'centaur'),
(132, 'February', 'The second month of the year', 2, 'febrary', 'feburary', 'feburury'),
(133, 'yacht', 'a boat with sails used for pleasure', 4, 'yatch', 'yachth', 'yaatch'),
(134, 'indonesia', 'country in asia', 2, 'asia', 'indonasia', 'indenoasia'),
(135, 'Thiruvanathapuram', 'captial of kerala', 2, 'Thiruvunthapuarm', 'Thirunantapurm', 'Thrivunanthpuram'),
(136, 'Statistics', 'a branch pf applied physics', 2, 'statistiks', 'statustics', 'statistiics'),
(137, 'Ferrari', 'An italian luxury sports car', 3, 'farrari', 'fererri', 'fererre'),
(138, 'Aadhaar', 'an Identity for an Indian', 2, 'adhaar', 'adhar', 'aadhar'),
(139, 'knight', 'The supreme Warrior', 2, 'night', 'nighyt', 'knnight'),
(140, 'penguin', 'Flightless Brids', 3, 'pengugen', 'penguign', 'penguen'),
(141, 'departure', 'A act of leaving somwhere', 1, 'departere', 'deparchure', 'deperture'),
(142, 'encyclopedia', 'A book that gives information about many things', 3, 'Ancyclopedea', 'Ancyclopedia', 'enncyclopedia'),
(143, 'corpses', 'dead body', 4, 'corpus', 'corpurse', 'corps'),
(144, 'orchestra', 'A large group of musicians who play many different instruments', 4, 'orkestra', 'orchastra', 'orcheestra'),
(145, 'thermometer', 'A device used to measure human body temperature', 2, 'Thermometre', 'thermomtor', 'thermameter'),
(146, 'recruit', 'To find new people to take part in an event or join a group or team', 3, 'recurit', 'recurte', 'recroot'),
(147, 'quarrel', 'an angry argument', 4, 'quarril', 'quarral', 'qaurral'),
(148, 'mussels', 'a type of small sea animal', 5, 'muscels', 'musels', 'musceles'),
(149, 'Foreign', 'loacated outside a place or country', 4, 'Foreing', 'Foriegn', 'Forieng'),
(150, 'Antiseptic', 'a liquid or cream that prevents a cut', 3, 'Anteseptic', 'Antesiptic', 'Antisiptic'),
(151, 'Poster', 'a notice in a public place', 1, 'postter', 'Posster', 'Posterr'),
(152, 'Knife', 'Used for cutting things', 2, 'Knif', 'Knfe', 'Nife'),
(153, 'Ragging', 'Harrashments of new entrants', 2, 'Raging', 'Ragiing', 'Raging'),
(154, 'Campus', 'Area of building of college', 1, 'Canpus', 'Kampus', 'Campuss'),
(155, 'empty', 'having nothing', 2, 'mmpty', 'empity', 'empte'),
(156, 'Prestigious', 'Having highly reputation', 4, 'Pristgious', 'Prestigeous', 'Prestigus'),
(157, 'HINDU', 'relating to or supporting to a religion', 2, 'HINDHU', 'INDU', 'HIENDU'),
(158, 'Technology', 'Sceintific knowledge', 4, 'technilogy', 'technelogy', 'techniology'),
(159, 'Virus', 'Causes diseases in animals and plants', 2, 'yrus', 'vyrus', 'vyris'),
(160, 'cinema', 'technology making motion pictures', 3, 'cinima', 'cenima', 'ciniema'),
(161, 'precipitate', 'a solid formed by change in solution', 5, 'precepitate', 'pricipitate', 'presipatate'),
(162, 'Argue', 'to say something angrily', 4, 'arguae', 'argaue', 'arge'),
(163, 'implement', 'start using a plan or a system', 3, 'emplemnt', 'impliment', 'empliment'),
(164, 'tsunami', 'a natural disaster', 5, 'sunami', 'tsunaami', 'sunima'),
(165, 'castle', 'a set of buildings to defend invasion', 4, 'casttle', 'casle', 'castlle'),
(166, 'wrap', 'to put paper around something', 3, 'rap', 'wraap', 'raap'),
(167, 'wrong', 'not correct', 1, 'rong', 'wronag', 'wring'),
(168, 'psychology', 'study of mind', 6, 'sycology', 'pshycology', 'sycilogy'),
(169, 'delivery', 'to take goods to peoples homes', 4, 'delhivery', 'delevary', 'delevary'),
(170, 'grammar', 'the rules of language', 4, 'grammer', 'gramar', 'gramer'),
(171, 'magazine', 'a periodical book containing articles and pictures', 5, 'maxine', 'magzine', 'maggzne'),
(172, 'chamber', 'a closed space in the body', 3, 'charmber', 'champber', 'khamber'),
(173, 'sweat', 'the liquid produced by body during hot', 2, 'swet', 'sweet', 'swaet'),
(174, 'alternative', 'one or more possibilities', 3, 'alternetive', 'altarnative', 'altarnateve'),
(175, 'possibility', 'thing that may happen', 4, 'posibility', 'possibilite', 'posssibility'),
(176, 'excite', 'give rise to feeling or reaction', 3, 'xcite', 'exsite', 'excyte'),
(177, 'spelling', 'the process of writing', 3, 'speling', 'spillling', 'spelleng'),
(178, 'english', 'language', 1, 'englesh', 'englihs', 'enjlish'),
(179, 'language', 'method of human communication', 2, 'lenguage', 'langauge', 'languege'),
(180, 'communication', 'exchanging of information by speaking', 3, 'comunicatin', 'coommnicaution', 'communiction'),
(181, 'probability', 'event which is lickly to occur', 4, 'probablite', 'propabaility', 'probabilite'),
(182, 'professor', 'the holder of university chair', 6, 'profesor', 'proffsor', 'profassor'),
(183, 'university', 'high level edudcational institute', 3, 'uneversity', 'univecity', 'univercity'),
(184, 'education', 'receiving or giving instructions', 2, 'edecation', 'educaution', 'eduction'),
(185, 'instruction', 'a order', 3, 'instructaion', 'instrukation', 'instrusition'),
(186, 'direction', 'a coures along which someone moves', 2, 'direcation', 'direcsion', 'direkation'),
(187, 'course', 'complete series of lessons', 2, 'coursee', 'coarse', 'corse'),
(188, 'holder', 'a device for holding something', 1, 'holdar', 'holdur', 'holdr'),
(189, 'device', 'a tool made for a particular purpose', 2, 'devise', 'devace', 'divice'),
(190, 'method', 'procedure for approaching something', 1, 'mathad', 'methad', 'methode'),
(191, 'procedure', 'an official way of doing something', 3, 'prosedure', 'procetduru', 'proseger'),
(192, 'office', 'a place for commercial work', 1, 'ofice', 'offece', 'offiece'),
(193, 'commercial', 'making or intended to make a profit', 3, 'comercian', 'commerecial', 'commerician'),
(194, 'profession', 'a paid occupation', 5, 'priofesion', 'profection', 'profassion'),
(195, 'profit', 'financial gain or benifit', 1, 'profeit', 'proffit', 'profite'),
(196, 'occupation', 'a job', 6, 'ocupation', 'occupaction', 'occupasion'),
(197, 'passenger', 'traveller', 3, 'pasenger', 'passengre', 'passengar'),
(198, 'information', 'facts provided to learn about something', 2, 'informasion', 'infurmation', 'informetion'),
(199, 'offer', 'accept or reject as desired', 1, 'oferr', 'offerr', 'ofer'),
(200, 'investigation', 'formal enquiry', 4, 'investagation', 'invastigation', 'investigasion'),
(201, 'examination', 'a detailed inspection of study', 3, 'examnasion', 'examnation', 'examinateion'),
(202, 'exemption', 'a state of being free', 6, 'excumption', 'execemption', 'exempsion'),
(203, 'inspection', 'carefull examination of scrutny', 4, 'inception', 'inspecsion', 'inspecton'),
(204, 'fossil', 'impression of historical animal or plants', 5, 'fosil', 'fossel', 'fossle'),
(205, 'ancient', 'belonging to distant past', 5, 'ansient', 'anscient', 'anciant'),
(206, 'weather', 'climate at certain place and time', 5, 'wether', 'wheather', 'whether'),
(207, 'absence', 'The lack or unavailability of something or someone', 6, 'absense', 'abcance', 'absance'),
(208, 'queue', 'A line or sequence of people or vehicles', 4, 'Q', 'quque', 'queuee'),
(209, 'cease', 'to eventually stop existing.', 6, 'cheese', 'keys', 'ceeze'),
(210, 'sequence', 'a particular order in which related things follow eachother', 3, 'sequense', 'seqeense', 'cequence'),
(211, 'cheque', 'a document you can issue to your bank', 6, 'chek', 'chequ', 'check'),
(212, 'feat', 'an activity that requires great strength,skill and courage', 3, 'faet', 'fett', 'feet'),
(213, 'rhyme', 'correspondence of sound between words', 4, 'rime', 'rhime', 'ryme'),
(214, 'online', 'by means of the internet or other computer network', 1, 'onlane', 'onlyne', 'onliine'),
(215, 'library', 'a collection of books and periodicals held in a library', 2, 'libreri', 'lybrery', 'liebrary'),
(216, 'industry', 'economic activity concerned with the processing of raw materials and manufacturing of goods', 3, 'industree', 'indestry', 'endustry'),
(217, 'server', 'computer program which manages access to a centralised resource or service in a network', 2, 'servar', 'sirver', 'sarver'),
(218, 'contest', 'an event in which people compete for supremacy in a sport or other activity', 1, 'kontest', 'corntest', 'context'),
(219, 'practical', 'lesson in which theories and procedures learned are applied to the actual making', 3, 'pratical', 'prectikal', 'praktical'),
(220, 'font', 'a set of printable or displayable typography', 1, 'foont', 'fant', 'front'),
(221, 'crop', 'to remove or adjust the outside edges of an image', 1, 'croop', 'crope', 'krop'),
(222, 'unique', 'being the only existing one of its kind', 3, 'unikque', 'uniq', 'unike'),
(223, 'innovation', 'implementing a new idea', 3, 'inovasion', 'inovation', 'ennovation'),
(224, 'pixel', 'unit of a digital image or graphic that can be displayed', 4, 'picsel', 'pixsel', 'pixcel'),
(225, 'dogma', 'the doctrine of belief in a religion', 6, 'dokma', 'dogmaa', 'docma'),
(226, 'miser', 'a person who hoards wealth and spends as little money as possible', 6, 'misser', 'mysar', 'myser'),
(227, 'series', 'a set or sequence of related television or radio programme', 2, 'siries', 'seeries', 'serees'),
(228, 'review', 'to view or see again', 3, 'reeview', 'rewiew', 'revivew'),
(229, 'beautiful', 'having qualities of beauty', 4, 'beautyful', 'beautifull', 'bootiful'),
(230, 'elegant', 'graceful and stylish in appearance', 4, 'alegant', 'elegent', 'eleghant'),
(231, 'delightful', 'very pleasant ,attractive and enjoyable', 4, 'dilightful', 'diliteful', 'deliteful'),
(232, 'alluring', 'powerful and mysterious', 6, 'elluring', 'aaluring', 'aluring'),
(233, 'promoter', 'a supporter of a cause or aim', 3, 'pramoter', 'promater', 'promotar'),
(234, 'merge', 'cause to combine to form a single entity', 2, 'meerge', 'marege', 'merje'),
(235, 'wrap', 'cover or enclose in paper', 2, 'raap', 'wrape', 'rap'),
(236, 'layout', 'the way in which text or pictures', 1, 'layut', 'layote', 'laout'),
(237, 'reign', 'the period of rule of a monarch', 7, 'raign', 'rein', 'rain'),
(238, 'semester', 'a half year term in a school or university', 4, 'semister', 'simister', 'cemister'),
(239, 'allopathy', 'the treatment of disease by drugs', 4, 'ellopathy', 'allopathi', 'aelopathy'),
(240, 'squad', 'a small group of people having a particular task', 3, 'scuad', 'squaad', 'sqaud'),
(241, 'petition', 'a formal written request appealing to authority in request of the particular cause', 5, 'petion', 'petision', 'pitition'),
(242, 'despite', 'without being prevented by something', 4, 'desite', 'despiti', 'dispite'),
(243, 'formula', 'mathematical relation or rule expressed in symbols', 2, 'formulae', 'formala', 'farmula'),
(244, 'vindictive', 'having or showing a strong or unreasoning desire for revenge', 5, 'vendictive', 'vinductive', 'windictive'),
(245, 'prevail', 'prove more powerful or superior', 5, 'prewall', 'prewale', 'prewail'),
(246, 'abbreviation', 'a shortened form of word or phrase', 6, 'abreviation', 'abbreviasion', 'abbrevation'),
(247, 'Consanguineous', 'Of the same blood or origin (descended from the same ancestor)', 10, 'consenguineous', 'consangiuneous', 'consengiuneous'),
(248, 'Inchoate', 'Only partly in existence; imperfectly formed', 10, 'inchoat', 'enchoate', 'inchaote'),
(249, 'overcame', 'succeed in dealing with a problem or dificulty', 4, 'ovarcame', 'ovarcome', 'overkome'),
(250, 'fuel', 'material that is burned to produce heat or power', 3, 'phuel', 'fual', 'fueal'),
(251, 'bankrupt ', 'not having enough money to pay your debs', 4, 'bankcrupt', 'bancrupt', 'bankarupt'),
(252, 'neurology', 'a plant of the buttercup family which typically has brightly coloured flowers', 5, 'newrology', 'newrologie', 'neurologey'),
(253, 'satellite', 'something visible in restricted light against a brighter background.', 5, 'satalight', 'satellight', 'sattilite'),
(254, 'yolk', 'of long ago or former times (used in nostalgic or mock-nostalgic recollection)', 3, 'yook', 'yoak', 'youk'),
(255, 'chrysanthemum.', 'a widely cultivated plant with brightly-colored showy flower heads. ...', 9, 'chrysanthanum', 'chrysenthanam', 'chrysenthemum'),
(256, 'caffeine', 'the physical or social setting in which something occurs or develops : environment.', 5, 'caffiine', 'kafeen', 'caffene'),
(257, 'cafeteria', 'a restaurant in which customers serve themselves', 5, 'cafatirea', 'cafiteria', 'cafeteira'),
(258, 'realize', 'understand clearly.', 4, 'rialise', 'realeze', 'realise'),
(259, 'tolet', 'permission', 3, 'toolet', 'tolat', 'tolit'),
(260, 'absent', 'not present in a place', 2, 'absint', 'abcint', 'abcent'),
(261, 'bunk', 'one of two beds attached together', 1, 'berth', 'bunck', 'buck'),
(262, 'silence', 'complete absence of sound', 3, 'silince', 'silience', 'selince'),
(263, 'prohibit', 'to stop something from being done', 4, 'prohebit', 'porhibit', 'prohbit'),
(264, 'Approval', 'Having a positive opinion of something', 3, 'approvel', 'aporval', 'aproval'),
(265, 'opposite', 'radically different in some respect', 4, 'opposite', 'oppozite', 'oposite'),
(266, 'attention', 'Noticing or recognizing something of interest.', 4, 'attension', 'atension', 'atention'),
(267, 'pleasure', 'a feeling of happy satisfaction', 5, 'preasure', 'plesure', 'peassure'),
(268, 'amount', 'A mass or a collection of something', 2, 'amout', 'amountt', 'amont'),
(269, 'borrow', 'To take something with the intention of returning it after a period of time', 4, 'borrou', 'borro', 'borow'),
(270, 'complete', 'finish making or doing', 2, 'compllete', 'completee', 'compelete'),
(271, 'fantasy', 'activity of imagining impossible', 3, 'fanstase', 'fanastic', 'fantesy'),
(272, 'dialogue', 'A conversation between two or more people.', 4, 'dialouge', 'dialonge', 'dilouge'),
(273, 'maximum', 'as great', 2, 'maximom', 'minimum', 'mazimum'),
(274, 'coding', 'tells a machine which actions to perform and how to complete tasks.', 1, 'codeng', 'codng', 'codeing'),
(275, 'quality', 'the degree of excellence of something.', 2, 'qualty', 'qulity', 'qwality'),
(276, 'introduce', 'bringing a person into a group', 3, 'interoduce', 'introdce', 'interduce'),
(277, 'care', 'extra responsibility and attention.', 1, 'caer', 'careh', 'kare'),
(278, 'ban', 'An act prohibited by social pressure or law.', 1, 'baan', 'bann', 'bin'),
(279, 'edible', 'something suitable to be eaten', 3, 'edibe', 'adibe', 'adible'),
(280, 'eloquent', 'an individual who expresses themselves effectively and clearly.', 6, 'eloquant', 'eloqunt', 'aloquent'),
(281, 'cake', 'an item of savoury food formed into a flat round shape', 1, 'cakee', 'caek', 'kake'),
(282, 'fitness', 'the condition of being physically fit and healthy.', 2, 'fitnes', 'featness', 'fittness'),
(283, 'award', 'order the giving of (something) as an official payment', 2, 'awad', 'awarad', 'avard'),
(284, 'scholarship', 'academic study or achievement', 2, 'schloarship', 'scholraship', 'scolarship'),
(285, 'wifi', 'a facility allowing computers', 1, 'vifi', 'wifee', 'wify'),
(286, 'college', 'an educational institution', 2, 'colege', 'colage', 'collage'),
(287, 'Abrogate', 'To revoke', 9, 'aborgate', 'ebrogate', 'abogate'),
(288, 'yoghurt', 'A dairy product', 3, 'yogurt', 'yoguhrt', 'yoogurht'),
(289, 'Asperity', 'Harsh in tone', 9, 'asperty', 'aspert', 'aspeity'),
(290, 'warrior', 'a brave or experienced soldier or fighter.', 5, 'warior', 'varrier', 'varrior'),
(291, 'expert', 'a person who is very knowledgeable about or skilful in a particular area.', 3, 'expart', 'expect', 'xpart'),
(292, 'listen', 'give one\'s attention to a sound', 2, 'lizen', 'lesten', 'lisen'),
(293, 'capital', 'anything that confers value or benefit to its', 2, 'captial', 'kapital', 'capatal'),
(294, 'Initial', 'existing or occuring at the beginning', 3, 'initiel', 'ential', 'inetial'),
(295, 'Former', 'Having previously been a pativular thing', 4, 'fomer', 'farmer', 'faumer'),
(296, 'Examine', 'Test the knowledge or proficiency', 3, 'Examin', 'Eximine', 'Exaamine'),
(297, 'wander', 'move slowly away from a fixed point or a place', 4, 'vander', 'wunder', 'wounder'),
(298, 'creative', 'a person who\'s job involves special work', 1, 'creatve', 'criative', 'kreative'),
(299, 'spectacular', 'Bueatiful in a gramatic and eye-catching way', 3, 'Spectaacular', 'spectaculer', 'spectaculur'),
(300, 'marvelous', 'causing greate wonder', 2, 'marvelus', 'marvelas', 'marvilous'),
(302, 'BORROW', 'something belonging to someone else', 3, 'BORROOW', 'BOWROW', 'BOOROW'),
(301, 'ILLUSION', 'Observing false objects', 3, 'ILLUSON', 'ILLUGION', 'ILUSION'),
(303, 'FEWER', 'a small number of.', 4, 'fewar', 'feuver', 'fewver'),
(304, 'LIE', 'Worng Statement', 2, 'LYE', 'LIEE', 'LYIE'),
(305, 'RISE', 'an upward movement', 3, 'RIYZE', 'RAISE', 'RIZE'),
(306, 'PERCENTILE', 'a measure used in statistics indicating', 4, 'PERECEENTILE', 'PERECENTILE', 'PERSENTILE'),
(307, 'ABDICATE', 'giving up power', 5, 'ABIDICATE', 'ABEDICATE', 'ABIDECATE'),
(308, 'ABSTRUSE', 'difficult to understand', 6, 'ABTRECE', 'ABSTRESE', 'ABSTRUCE'),
(309, 'ANALOGOUS', 'similar in some respects', 6, 'ANALOGOUES', 'ANALOGOES', 'ANALOGUS'),
(310, 'ARTICULATION', 'manner in which things came together', 8, 'ARTECULATION', 'ARTIICULATION', 'ARTCULETION'),
(311, 'COHERENCE', 'state of being consistent', 6, 'CHOHARENCE', 'COHARENCE', 'CHOHARENCE'),
(312, 'ETHNIC', 'distinctive of the way of living of a group of people', 5, 'ETENIC', 'ETHENIC', 'ETHNEC'),
(313, 'EVIDENT', 'clearly revealed to the mind of the senses', 6, 'EVEDENT', 'EVEEDENT', 'EVIIDENT'),
(314, 'PSYCHOLOGY', 'scientific study of human mind', 7, 'PYSCHOLOGY', 'PSSYCHOLOGY', 'PSYSCHOLOGY'),
(315, 'FACILITATE', 'make easier', 8, 'FACELITETE', 'FACILATE', 'FACILITIE'),
(316, 'HEREDITARY', 'bases on inheritance', 7, 'HERIDITARY', 'HERIDETARY', 'HEREDETIARY'),
(317, 'ORDINARY', 'with no special', 5, 'ODINARY', 'ODDINARY', 'ORDENARY'),
(318, 'NOTORIOUS', 'known widely', 6, 'NOTURIOUS', 'NOTORIEOUS', 'NOTURIEOUS'),
(319, 'PARADIGM', 'a standard or typical example', 8, 'PARADIGIM', 'PARADEGM', 'PARAGIDEM'),
(320, 'PERCEIVE', 'become aware of through the senses', 6, 'PERCEVE', 'PERECEVE', 'PERCIEVE'),
(321, 'PERCEPTION', 'the process of becoming aware through the senses', 7, 'PERCEIPTION', 'PERCEPTION', 'PERCIPTION'),
(322, 'PROMULGATE', 'state or announce', 8, 'PORMOLGATE', 'PROMOLGYTE', 'PORMULGYTE'),
(323, 'RECRIMINATION', 'mutual accusations', 5, 'RECREMINATION', 'RECREMINATION', 'RECRIMENATION'),
(324, 'RELIANT', 'depending on another for support', 7, 'RELEANT', 'RELIENT', 'RELENT'),
(325, 'STAGNANT', 'not growing or changing', 8, 'STAGNENT', 'STAGNAANT', 'STAGNET'),
(326, 'VULNERABLE', 'capable of being wounded or hurt', 7, 'VULNARABLE', 'VULNEREBLE', 'VULNAREBLE'),
(327, 'QUAIL', 'a small brown bird', 9, 'QUEL', 'QUIL', 'QUEIL'),
(328, 'QUIP', 'a funny and clever comment', 5, 'QUEP', 'QUEEP', 'QUAP'),
(329, 'WEIGH', 'to find out how heavy', 5, 'WHEY', 'WAY', 'WEYY'),
(330, 'MIRACLE', 'an extraordinary event taken as a sign of the supernatural power of God', 4, 'MIRAKLE', 'MERAKLE', 'MERACLE'),
(331, 'PIECES', 'a part of something', 5, 'PEACES', 'PECES', 'PEICES'),
(332, 'UNCONSCIOUS', 'without awareness', 6, 'UNCONCIOUS', 'UNCONCICOUS', 'UNCONSICOUS'),
(333, 'PRECOCIOUS', 'usually mature', 5, 'PRESOSIOUS', 'PRECOSIUS', 'PRECOCIOES'),
(334, 'LIAISON', 'person who maintains a connection between people', 9, 'LASON', 'LEISON', 'LAISION'),
(335, 'ACRYLIC', 'is a kind of fabric', 9, 'ARCLIC', 'ARCILIC', 'ARCELIC'),
(336, 'RATCHET', 'is a tool', 10, 'RATCHAT', 'RETCHET', 'RETCHET'),
(337, 'MERRILY', 'in a cheerrful way', 10, 'MERRELY', 'MERELY', 'MERILY'),
(338, 'PEAL', 'a loud ringing of a bell or bells.', 5, 'PEARL', 'PEEL', 'PAEL'),
(339, 'PEARL', 'a stone', 6, 'PERL', 'PAERL', 'PEERL'),
(340, 'RECISION', 'Cancellation of a contract', 6, 'RECESION', 'RECISEON', 'RECISEON'),
(341, 'CHARCOAL', 'a porous black solid, consisting of an amorphous form of carbon', 3, 'CHARCOL', 'CHAARCOAL', 'CHARCOEL'),
(342, 'SOME', 'fewObjects', 2, 'SUM', 'SUN', 'SEM'),
(343, 'RESEMBLE', 'a similar appearance to or qualities in common with someone or something', 3, 'RESEMBEL', 'RECEMBEL', 'RECEMBLE'),
(344, 'COLLEAGUE', 'an associate or coworker typically in a profession', 5, 'COLLEAUGE', 'COLLEGUE', 'COLLAEGUE'),
(345, 'MOUSTACHE', 'strip of hair left to grow above the upper lip.', 6, 'MUSTACH', 'MOSTACHE', 'MUSTACHE'),
(346, 'REINDEER', 'a type of deer', 7, 'RAINDEER', 'RENDEER', 'REINDER'),
(347, 'WITCH', 'a person thought to have magic powers,', 7, 'WETCH', 'VITCH', 'WETCH'),
(348, 'PHENOMENON', 'a remarkable person or thing.', 5, 'PENOMENON', 'PHENOMINON', 'PEHNOMENON'),
(349, 'LIEUTENENT', 'a deputy or substitute acting for a superior.', 7, 'LEFTUTENENT', 'LEFTTENENT', 'LIETUTENT'),
(350, 'DELICACY', 'fineness or intricacy of texture or structure.', 5, 'DELICECY', 'DELECACY', 'DELICECY'),
(351, 'EPITAPH', 'a phrase or form of words written in memory of a person who has died, especially as an inscription on a tombstone.', 8, 'EPITEH', 'EPITPH', 'EPITPAH'),
(352, 'ACCUMULATION', 'he acquisition or gradual gathering of something.', 5, 'ACUMALATION', 'ACCUMMULATION', 'ACUMMULATION'),
(353, 'FRANCHISE', 'the right to vote in public elections.', 5, 'FRANCISE', 'FRANCHAISE', 'FRANCHASE'),
(354, 'SYNCHRONIZE', 'cause to occur or operate at the same time or rate.', 5, 'SYNCRONIZE', 'SYNCRONISE', 'SYNCHORISE'),
(355, 'KALOPSIA', 'The delusion of things being more beautiful than they are.', 9, 'CALOPSIA', 'CALOPSEA', 'KALOPSEA'),
(356, 'LEVERAGE', 'he exertion of force by means of a lever.', 6, 'LEVARAGE', 'LEVAREGE', 'LEVARAGH'),
(357, 'MACROCOSM', 'the great world or universe', 9, 'MACROSM', 'MACROCOSOM', 'MACROCSM'),
(358, 'MANIFESTATION', 'an event, action, or object that clearly shows or embodies something abstract or theoretical.', 7, 'MANIFESTION', 'MANEFESTATION', 'MANAFEATATION'),
(359, 'NEOPHYTE', 'someone who\'s brand new at something', 9, 'NEOFHYTE', 'NEOPYTHE', 'NEOFYTHE'),
(360, 'OMNISCIENT', 'knowing everything.', 9, 'OMINECENT', 'OMENECENT', 'OMNISENT'),
(361, 'PINNACLE', 'the most successful point;', 6, 'PINNACALE', 'PINACLE', 'PINECLE'),
(362, 'PSEUDOPODIA', 'temporary projections of the cytoplasm of a cell.', 7, 'PSUDOPODIA', 'PSEUDPODIA', 'PSEUDOPODEA'),
(363, 'QUARANTINE', 'a term during which a ship arriving in port and suspected of carrying contagious disease', 5, 'QUARTINE', 'QUARTIME', 'QUARATINE'),
(364, 'SARCASM', 'the use of irony to mock or convey contempt.', 8, 'SARCISM', 'SARCESM', 'SARCAISM'),
(365, 'UBIQUITOUS', 'present, appearing, or found everywhere.', 9, 'UBIQUITUS', 'UBIQICTUS', 'UBIQUITUS'),
(366, 'VIGOROUS', 'a way that is very forceful or energetic', 5, 'VEGAROUS', 'VIGAROUES', 'VEGARUS'),
(367, 'CAJOLE', 'persuade (someone) to do something by sustained coaxing or flattery.', 7, 'KAJOLE', 'CAJOULE', 'KAJOULE'),
(368, 'REMUNERATION', 'something that remunerates : recompense, pay.', 4, 'REMUNARATION', 'REMUNARTION', 'REMUNRATION'),
(369, 'PHILOSOPHY', 'the study of the fundamental nature of knowledge, reality, and existence, especially when considered as an academic discipline.', 5, 'PHILOSPHY', 'PHILOSOPHE', 'PILOPSPHY'),
(370, 'FORBEARANCE', 'patient self-control; restraint and tolerance.', 8, 'FOREBARANSE', 'FOEARBARANCE', 'FOREBEARENCE'),
(371, 'ANESTHESIA', 'insensitivity to pain, especially as artificially induced by the administration of gases or the injection of drugs before surgical operations.', 4, 'ENASTHESIA', 'ENESTHESIA', 'ANASTHESIA'),
(372, 'CUISINE', 'a style or method of cooking', 7, 'CUSHINE', 'KUSINE', 'CUSINE'),
(373, 'MACINTOSH', 'the family of computers developed by Apple', 6, 'MACINTOSE', 'MACINTHOSE', 'MACENTOSH'),
(374, 'ABNEGATION', 'the action of renouncing or rejecting something.', 9, 'ABNEGAUTION', 'ABNEGATEN', 'ABNEGATEON'),
(375, 'AESTHETIC', 'relating to the enjoyment or study of beauty, or showing great beauty:', 6, 'AESTHATIC', 'ASTHETIC', 'ASTHATIC'),
(376, 'INDICT', 'accuse formally of a crime', 6, 'INDIKT', 'EINDIKT', 'INDICKT'),
(377, 'INTRANSIGENCE', 'stubborn refusal to compromise', 9, 'INTRANCIGENSE', 'INTRANSIGINCE', 'INTRASIEGENSE'),
(378, 'MAYHEM', 'violent and needless disturbance', 9, 'MAHYME', 'MAYEHME', 'MEHYME'),
(379, 'WROUGHT', 'shaped to fit by altering the contours of a pliable mass', 7, 'WRAGHT', 'WRAUHT', 'WROGHT');

-- --------------------------------------------------------

--
-- Table structure for table `words3`
--

CREATE TABLE `words3` (
  `qid` int(11) NOT NULL,
  `word` varchar(1000) NOT NULL,
  `meaning` text DEFAULT NULL,
  `level` int(11) NOT NULL,
  `option1` varchar(100) DEFAULT NULL,
  `option2` varchar(100) DEFAULT NULL,
  `option3` varchar(100) DEFAULT NULL
) ENGINE=MyISAM DEFAULT CHARSET=latin1 COLLATE=latin1_swedish_ci;

--
-- Dumping data for table `words3`
--

INSERT INTO `words3` (`qid`, `word`, `meaning`, `level`, `option1`, `option2`, `option3`) VALUES
(1, 'Inimical', 'reflecting or indicating hostility', 0, NULL, NULL, NULL),
(2, 'Euphoric', 'feleling intense excitement and happiness', 0, NULL, NULL, NULL),
(3, 'Ineffable', 'to great or extreme to be  expressed', 0, NULL, NULL, NULL),
(4, 'Nebulous', 'in the form of a cloud ', 0, NULL, NULL, NULL),
(5, 'Gregarious', 'sociable', 0, NULL, NULL, NULL),
(6, 'Pernicious', 'having a harmful effect', 0, NULL, NULL, NULL),
(7, 'Disseminate', 'spread widely', 0, NULL, NULL, NULL),
(8, 'Serendipity', 'in making unexpected and fortunate discoveries', 0, NULL, NULL, NULL),
(9, 'Facetious', 'treating serious issues with deliberately', 0, NULL, NULL, NULL),
(10, 'Exacerbate', 'bad situation', 0, NULL, NULL, NULL),
(11, 'Sycophant', 'a person who acts obsequiously towards someone important in order to gain advantage', 0, NULL, NULL, NULL),
(12, 'Verisimilitude', 'the appearance of being true or real', 0, NULL, NULL, NULL),
(13, 'Procrastinate', 'delay or postpone action', 0, NULL, NULL, NULL),
(14, 'Obfuscate', 'unclear', 0, NULL, NULL, NULL),
(15, 'Juxtaposition', 'the fact of two things being seen or placed close together with contrasting effect', 0, NULL, NULL, NULL),
(16, 'Euphemism', 'a mild or indirect word or expression substituted', 0, NULL, NULL, NULL),
(17, 'Aberration', 'a departure from what  is normal,usual,or expected', 0, NULL, NULL, NULL),
(18, 'Paroxysm', 'a sudden attack or outburst of a particular emotion activity', 0, NULL, NULL, NULL),
(19, 'Ostentatious', 'characterized by pretentious or showly display', 0, NULL, NULL, NULL),
(20, 'Maelstrom', 'a powerful whirlpool in the sea or a river', 0, NULL, NULL, NULL),
(21, 'Mellifluous', 'pleasingly,smooth and musical to hear', 0, NULL, NULL, NULL),
(22, 'Perspicacious', 'having a ready insight into and understading of things', 0, NULL, NULL, NULL),
(23, 'Sesquipedalian', 'long-winded', 0, NULL, NULL, NULL),
(24, 'Vicissitude', 'a change of circumstancesor fortune ,typically one that is unwelcome or unpleasant', 0, NULL, NULL, NULL),
(25, 'Circumlocution', 'to use of many words where where do,especially in a delibrate attempt to be vague', 0, NULL, NULL, NULL),
(26, 'Loquacious', 'tending to talk  a great deal', 0, NULL, NULL, NULL),
(27, 'Ubiquity', 'the fact of appearing everywhere or of being very common', 0, NULL, NULL, NULL),
(28, 'Capitulation', 'the action of ceasing to resist an opponent or demand', 0, NULL, NULL, NULL),
(29, 'Ambiguity', 'the quality of being open to more than one interpretation', 0, NULL, NULL, NULL),
(30, 'Propinquity', 'the state of being close to someone or something ', 0, NULL, NULL, NULL),
(31, 'Perspicacity ', 'the quality of having a ready  insight into things', 0, NULL, NULL, NULL),
(32, 'Querulous', 'complaning in a rather petulant  or whining manner', 0, NULL, NULL, NULL),
(33, 'Ameliorate', 'unsatisfactory', 0, NULL, NULL, NULL),
(34, 'Apotheosis', 'the highest point in the development of something', 0, NULL, NULL, NULL),
(35, 'Penultimate', 'last but one in a series of things', 0, NULL, NULL, NULL),
(36, 'Mercurial', 'subject to sudden or upredictable changes of mood or mind', 0, NULL, NULL, NULL),
(37, 'Supercilious', 'behaving or looking as though one thinks one is superior to others', 0, NULL, NULL, NULL),
(38, 'Ephemeral', 'lasting for a very short time', 0, NULL, NULL, NULL),
(39, 'Lethargic', 'sluggish', 0, NULL, NULL, NULL),
(40, 'Perseverance', 'persistence in doing something  despite diffculty or delay in achieving success', 0, NULL, NULL, NULL),
(41, 'Vicarious', 'experienced in the imagination through the feelings or actions of another person', 0, NULL, NULL, NULL),
(42, 'Ubiquitous', 'present,appearing,or found everywhere', 0, NULL, NULL, NULL),
(43, 'worcestershire', 'sauce and spices', 0, NULL, NULL, NULL),
(44, 'Effervescent', 'giving off bubbles', 0, NULL, NULL, NULL),
(45, 'Panacea', 'a solution or remedy', 0, NULL, NULL, NULL),
(46, 'Quintessential', 'representing the most perfect or typical example of a quality or class', 0, NULL, NULL, NULL),
(47, 'Recalcitrant', 'having an obstinately uncooperative  attitude towards authority or discipline', 0, NULL, NULL, NULL),
(48, 'Equanimity', 'calmness and composure , especially in a difficult situation', 0, NULL, NULL, NULL),
(49, 'Superfluous', 'unnecessary,especially through morre than enough', 0, NULL, NULL, NULL),
(50, 'Inscrutable', 'impossible to understand or interpret', 0, NULL, NULL, NULL),
(51, 'Copacetic', 'in excellent order', 0, NULL, NULL, NULL),
(52, 'Inexorable', 'impossible to stop or prevent', 0, NULL, NULL, NULL),
(53, 'Desultory', 'lacking a plan,purpose ,or enthusiasm', 0, NULL, NULL, NULL),
(54, 'Reticent', 'not revealing one\'s thoughts or fellings readily.', 0, NULL, NULL, NULL),
(55, 'Exacerbate', 'bad situation or negative feeling', 0, NULL, NULL, NULL),
(56, 'Alacrity', 'cheerful readliness', 0, NULL, NULL, NULL),
(57, 'Disparate', 'essentially different in kind ,not able to be compared', 0, NULL, NULL, NULL),
(58, 'Paradigm', 'a typical example or pattern of something', 0, NULL, NULL, NULL),
(59, 'Harbinger', 'a person or thing that announces or singles the approach of another', 0, NULL, NULL, NULL),
(60, 'Meticulous', 'showing great attention to detail', 0, NULL, NULL, NULL);

--
-- Indexes for dumped tables
--

--
-- Indexes for table `replay`
--
ALTER TABLE `replay`
  ADD PRIMARY KEY (`pid`,`replay`);

--
-- Indexes for table `responses`
--
ALTER TABLE `responses`
  ADD PRIMARY KEY (`sid`,`qid`);

--
-- Indexes for table `users`
--
ALTER TABLE `users`
  ADD PRIMARY KEY (`pid`);

--
-- Indexes for table `words`
--
ALTER TABLE `words`
  ADD PRIMARY KEY (`qid`);

--
-- Indexes for table `words3`
--
ALTER TABLE `words3`
  ADD PRIMARY KEY (`qid`);

--
-- AUTO_INCREMENT for dumped tables
--

--
-- AUTO_INCREMENT for table `words`
--
ALTER TABLE `words`
  MODIFY `qid` int(11) NOT NULL AUTO_INCREMENT, AUTO_INCREMENT=3437;

--
-- AUTO_INCREMENT for table `words3`
--
ALTER TABLE `words3`
  MODIFY `qid` int(11) NOT NULL AUTO_INCREMENT, AUTO_INCREMENT=61;
COMMIT;

/*!40101 SET CHARACTER_SET_CLIENT=@OLD_CHARACTER_SET_CLIENT */;
/*!40101 SET CHARACTER_SET_RESULTS=@OLD_CHARACTER_SET_RESULTS */;
/*!40101 SET COLLATION_CONNECTION=@OLD_COLLATION_CONNECTION */;
